"archivo","ambito","hex","rgb","hsl","oklch","nombres","tailwindFisico","tailwindArbitrario","variables","inline","styleBlocks","tables","forms","overlays","literalColorDistinct","visual"
"frontend/src/App.vue","Frontend activo","0","1","0","0","0","0","0","2","0","1","0","0","0","1","true"
"frontend/src/assets/base.css","Frontend sin importación detectada","7","6","0","0","0","0","0","18","0","0","0","0","0","13","true"
"frontend/src/assets/logo.svg","Recurso SVG","2","0","0","0","0","0","0","0","0","0","0","0","0","2","true"
"frontend/src/assets/main.css","Frontend sin importación detectada","0","0","2","0","0","0","0","0","0","0","0","0","0","2","true"
"frontend/src/components/AvisosInicio.vue","Frontend activo","5","0","0","0","0","9","5","0","0","0","0","0","1","5","true"
"frontend/src/components/ChatbotFAB.vue","Frontend activo","16","1","0","0","5","14","0","0","10","1","0","0","0","22","true"
"frontend/src/components/ContenidoSistema.vue","Frontend activo","0","0","0","0","0","5","0","0","0","0","0","0","0","0","true"
"frontend/src/components/HelloWorld.vue","Frontend sin importación detectada","0","0","0","0","0","0","0","0","0","1","0","0","0","0","true"
"frontend/src/components/icons/IconCommunity.vue","Frontend sin importación detectada","0","0","0","0","1","0","0","0","0","0","0","0","0","1","true"
"frontend/src/components/icons/IconDocumentation.vue","Frontend sin importación detectada","0","0","0","0","1","0","0","0","0","0","0","0","0","1","true"
"frontend/src/components/icons/IconEcosystem.vue","Frontend sin importación detectada","0","0","0","0","1","0","0","0","0","0","0","0","0","1","true"
"frontend/src/components/icons/IconSupport.vue","Frontend sin importación detectada","0","0","0","0","1","0","0","0","0","0","0","0","0","1","true"
"frontend/src/components/icons/IconTooling.vue","Frontend sin importación detectada","0","0","0","0","1","0","0","0","0","0","0","0","0","1","true"
"frontend/src/components/TheWelcome.vue","Frontend sin importación detectada","0","0","0","0","0","0","0","0","0","0","0","0","0","0","true"
"frontend/src/components/TimePicker24.vue","Frontend activo","2","0","0","0","0","3","2","0","0","0","0","0","0","2","true"
"frontend/src/components/TipTapEditor.vue","Frontend activo","1","0","0","0","0","8","1","0","0","1","0","0","0","1","true"
"frontend/src/components/WelcomeItem.vue","Frontend sin importación detectada","0","0","0","0","0","0","0","7","0","1","0","0","0","0","true"
"frontend/src/composables/useAlertasSistema.js","Frontend activo","0","0","0","0","0","0","0","0","0","0","0","0","0","0","false"
"frontend/src/data/chatbot-knowledge.js","Frontend activo","0","0","0","0","0","0","0","0","0","0","0","0","0","0","false"
"frontend/src/layouts/components/SitBreadcrumb.vue","Frontend activo","0","0","0","0","0","0","0","0","0","0","0","0","0","0","true"
"frontend/src/layouts/components/SitFooter.vue","Frontend activo","0","0","0","0","0","0","0","0","0","0","0","0","0","0","true"
"frontend/src/layouts/components/SitMenu.vue","Frontend activo","0","0","0","0","2","0","0","0","2","0","0","0","0","2","true"
"frontend/src/layouts/components/SitTopbar.vue","Frontend activo","0","0","0","0","5","0","0","0","0","0","0","0","0","5","true"
"frontend/src/layouts/MainLayout.vue","Frontend activo","0","0","0","0","0","0","0","0","0","0","0","0","0","0","true"
"frontend/src/main.js","Frontend activo","0","0","0","0","0","0","0","0","0","0","0","0","0","0","false"
"frontend/src/router/index.js","Frontend activo","0","0","0","0","0","0","0","0","0","0","0","0","0","0","false"
"frontend/src/services/ambiente.js","Frontend activo","0","0","0","0","0","0","0","0","0","0","0","0","0","0","false"
"frontend/src/services/api.js","Frontend activo","0","0","0","0","0","0","0","0","0","0","0","0","0","0","false"
"frontend/src/services/navegacion.js","Frontend activo","0","0","0","0","0","0","0","0","0","0","0","0","0","0","false"
"frontend/src/stores/auth.js","Frontend activo","0","0","0","0","0","0","0","0","0","0","0","0","0","0","false"
"frontend/src/style.css","Frontend activo","0","0","0","0","0","0","0","0","0","0","0","0","0","0","true"
"frontend/src/styles/sit-theme.css","Frontend activo","22","8","0","0","1","0","0","103","0","0","0","0","0","31","true"
"frontend/src/views/acciones/AccionesPersonalView.vue","Frontend activo","22","0","0","0","4","116","21","0","6","0","1","0","2","26","true"
"frontend/src/views/acciones/AccionPersonalForm.vue","Frontend activo","27","0","0","0","0","95","27","0","7","0","0","1","0","27","true"
"frontend/src/views/acciones/HistorialRemuneracionesView.vue","Frontend activo","7","0","0","0","0","56","7","0","0","0","1","0","0","7","true"
"frontend/src/views/admin/aportes/AportesIessView.vue","Frontend activo","13","0","0","0","0","54","12","0","1","0","1","0","1","13","true"
"frontend/src/views/admin/AuditoriaView.vue","Frontend activo","0","0","0","0","0","56","0","0","0","0","1","0","0","0","true"
"frontend/src/views/admin/AvisosView.vue","Frontend activo","3","0","0","0","0","43","0","0","3","0","0","0","2","3","true"
"frontend/src/views/admin/calendario/CalendarioView.vue","Frontend activo","16","0","0","0","2","70","11","0","3","0","1","0","3","18","true"
"frontend/src/views/admin/configuracion/ConfiguracionView.vue","Frontend activo","11","0","0","0","0","34","10","0","1","0","1","0","1","11","true"
"frontend/src/views/admin/cuadre/CuadreView.vue","Frontend activo","7","0","0","0","0","60","7","0","0","0","1","0","0","7","true"
"frontend/src/views/admin/departamentos/DepartamentosView.vue","Frontend activo","10","0","0","0","0","67","9","0","1","0","1","0","2","10","true"
"frontend/src/views/admin/jornadas/JornadasView.vue","Frontend activo","12","0","0","0","0","41","11","0","1","0","1","1","1","12","true"
"frontend/src/views/admin/ModalidadLaboralView.vue","Frontend activo","6","0","0","0","0","23","4","0","2","0","0","0","1","6","true"
"frontend/src/views/admin/opciones/OpcionesView.vue","Frontend activo","13","0","0","0","0","52","12","0","1","0","1","1","1","13","true"
"frontend/src/views/admin/periodos/PeriodosView.vue","Frontend activo","10","0","0","0","0","33","9","0","1","0","1","0","1","10","true"
"frontend/src/views/admin/ProvinciaCiudadView.vue","Frontend activo","12","0","0","0","6","44","10","0","5","0","0","0","4","18","true"
"frontend/src/views/admin/razones/RazonesView.vue","Frontend activo","10","0","0","0","0","64","9","0","1","0","1","0","2","10","true"
"frontend/src/views/admin/RolesView.vue","Frontend activo","8","0","0","0","0","39","6","0","2","0","1","1","2","8","true"
"frontend/src/views/admin/SbuView.vue","Frontend activo","0","0","0","0","0","22","0","0","0","0","1","0","0","0","true"
"frontend/src/views/admin/TarifasViaticosView.vue","Frontend activo","12","0","0","0","6","91","4","0","9","0","2","0","4","18","true"
"frontend/src/views/admin/turnos/TurnosView.vue","Frontend activo","20","0","0","0","0","66","8","0","4","0","0","0","3","20","true"
"frontend/src/views/admin/ZktecoView.vue","Frontend activo","4","0","0","0","0","49","1","0","3","0","1","0","1","4","true"
"frontend/src/views/adquisiciones/AdqDashboardView.vue","Frontend activo","0","0","0","0","0","37","0","0","0","0","0","0","0","0","true"
"frontend/src/views/adquisiciones/AjusteInventarioView.vue","Frontend activo","2","0","0","0","0","54","0","0","2","0","1","0","0","2","true"
"frontend/src/views/adquisiciones/ArticulosView.vue","Frontend activo","29","0","0","0","9","182","21","0","8","0","1","0","3","38","true"
"frontend/src/views/adquisiciones/CatalogoInventarioView.vue","Frontend activo","2","0","0","0","0","62","0","0","2","0","1","0","1","2","true"
"frontend/src/views/adquisiciones/EgresosBienesView.vue","Frontend activo","22","0","0","0","7","133","5","0","14","0","3","0","3","29","true"
"frontend/src/views/adquisiciones/IngresosBienesView.vue","Frontend activo","31","0","0","0","6","190","7","0","21","0","3","0","4","37","true"
"frontend/src/views/adquisiciones/IvaView.vue","Frontend activo","2","0","0","0","0","46","0","0","2","0","1","0","1","2","true"
"frontend/src/views/adquisiciones/OrdenesCompraView.vue","Frontend sin importación detectada","10","0","0","0","0","67","1","0","9","0","3","0","2","10","true"
"frontend/src/views/adquisiciones/ProcesoContratacionView.vue","Frontend activo","2","0","0","0","0","35","0","0","2","0","1","0","1","2","true"
"frontend/src/views/adquisiciones/ProveedoresView.vue","Frontend activo","11","0","0","0","4","95","9","0","2","0","1","0","1","15","true"
"frontend/src/views/adquisiciones/ReporteEgresosView.vue","Frontend activo","1","0","0","0","0","38","0","0","1","0","1","0","0","1","true"
"frontend/src/views/adquisiciones/ReporteInventarioMensualView.vue","Frontend activo","11","0","0","0","0","18","8","0","2","0","1","0","0","11","true"
"frontend/src/views/adquisiciones/ReporteInventarioValorizadoView.vue","Frontend activo","10","0","0","0","0","53","1","0","10","1","1","0","0","10","true"
"frontend/src/views/adquisiciones/ReporteKardexView.vue","Frontend activo","28","0","0","0","0","116","0","0","27","0","1","0","0","28","true"
"frontend/src/views/adquisiciones/ReporteLibroComprasView.vue","Frontend activo","11","0","0","0","0","79","0","0","7","0","1","0","0","11","true"
"frontend/src/views/adquisiciones/SolicitudesView.vue","Frontend activo","11","0","0","0","0","121","0","0","11","0","2","0","4","11","true"
"frontend/src/views/adquisiciones/UnidadesMedidaView.vue","Frontend activo","2","0","0","0","0","40","0","0","2","0","1","0","1","2","true"
"frontend/src/views/asistencia/ReporteSinAtrasosView.vue","Frontend activo","6","0","0","0","0","23","6","0","0","0","1","0","0","6","true"
"frontend/src/views/AsistenciaView.vue","Frontend activo","15","0","0","0","4","68","7","0","3","0","2","0","1","19","true"
"frontend/src/views/certificados/CertificadosView.vue","Frontend activo","18","0","0","0","2","58","17","0","1","0","1","0","1","20","true"
"frontend/src/views/comisiones/ComisionesView.vue","Frontend activo","49","0","0","0","14","286","28","0","31","0","1","0","4","63","true"
"frontend/src/views/comisiones/FuncionariosExternosView.vue","Frontend activo","16","0","0","0","4","72","9","0","14","0","1","0","4","20","true"
"frontend/src/views/comisiones/LiquidacionesView.vue","Frontend activo","27","0","0","0","4","256","13","0","17","0","3","0","10","31","true"
"frontend/src/views/DashboardView.vue","Frontend activo","14","0","0","0","11","104","1","0","7","0","0","0","0","25","true"
"frontend/src/views/empleados/DistributivoView.vue","Frontend activo","3","0","0","0","0","39","3","0","0","0","0","0","0","3","true"
"frontend/src/views/empleados/EmpleadoDetalle.vue","Frontend activo","5","0","0","0","0","68","5","0","0","0","0","0","0","5","true"
"frontend/src/views/empleados/EmpleadoForm.vue","Frontend activo","41","0","0","0","5","131","26","0","10","1","2","1","2","46","true"
"frontend/src/views/empleados/EmpleadosIndex.vue","Frontend activo","11","0","0","0","0","46","11","0","0","0","1","0","1","11","true"
"frontend/src/views/empleados/EmpleadosView.vue","Frontend sin importación detectada","0","0","0","0","0","2","0","0","0","0","0","0","0","0","true"
"frontend/src/views/empleados/ImportacionView.vue","Frontend activo","7","0","0","0","0","76","7","0","0","0","1","0","0","7","true"
"frontend/src/views/empleados/ReporteEmpleadosView.vue","Frontend activo","33","0","0","0","6","183","22","0","2","0","1","0","0","39","true"
"frontend/src/views/horasextras/HorasExtrasView.vue","Frontend activo","28","0","0","0","0","294","20","0","8","0","4","0","8","28","true"
"frontend/src/views/LoginView.vue","Frontend activo","0","0","0","0","4","10","0","0","0","0","0","1","0","4","true"
"frontend/src/views/nomina/ConsolidadoView.vue","Frontend activo","0","0","0","0","0","62","0","0","0","0","1","0","0","0","true"
"frontend/src/views/nomina/DecimoCuartoView.vue","Frontend activo","2","0","0","0","0","90","0","0","2","0","1","0","2","2","true"
"frontend/src/views/nomina/DecimosView.vue","Frontend activo","0","0","0","0","0","4","0","0","0","0","0","0","0","0","true"
"frontend/src/views/nomina/DecimoTerceroView.vue","Frontend activo","2","0","0","0","0","87","0","0","2","0","1","0","2","2","true"
"frontend/src/views/nomina/FondosReservaView.vue","Frontend activo","2","0","0","0","0","82","0","0","2","0","1","0","2","2","true"
"frontend/src/views/nomina/RolPagoView.vue","Frontend activo","12","0","0","0","0","193","9","0","3","0","3","0","2","12","true"
"frontend/src/views/PerfilView.vue","Frontend activo","6","0","0","0","0","17","6","0","0","0","0","0","0","6","true"
"frontend/src/views/PermisosView.vue","Frontend activo","37","0","0","0","2","228","33","0","4","0","2","0","7","39","true"
"frontend/src/views/planificacion/LiquidacionVacView.vue","Frontend activo","0","0","0","0","0","88","0","0","0","0","1","0","0","0","true"
"frontend/src/views/planificacion/PlanificacionesView.vue","Frontend activo","50","0","0","0","0","162","46","0","4","0","2","0","4","50","true"
"frontend/src/views/planificacion/ReportePlanificacionView.vue","Frontend activo","8","0","0","0","0","58","8","0","0","0","1","0","0","8","true"
"frontend/src/views/planificacion/ReporteSaldoVacView.vue","Frontend activo","20","0","0","0","0","125","20","0","0","0","3","0","2","20","true"
"frontend/src/views/reportes/LotaipView.vue","Frontend activo","5","0","0","0","1","56","5","0","0","0","2","0","0","6","true"
"frontend/src/views/reportes/ReportesView.vue","Frontend activo","18","0","0","0","2","174","18","0","0","0","5","0","0","20","true"
"frontend/src/views/supervisores/SupervisoresView.vue","Frontend activo","9","0","0","0","0","69","8","0","1","0","1","0","2","9","true"
"frontend/src/views/tecnologia/ActividadesMantenimientoView.vue","Frontend activo","3","0","0","0","0","25","0","0","3","0","0","0","1","3","true"
"frontend/src/views/tecnologia/EquiposView.vue","Frontend activo","32","0","0","0","0","173","2","0","22","0","1","0","7","32","true"
"frontend/src/views/tecnologia/MantenimientoView.vue","Frontend activo","27","0","0","0","0","102","1","0","14","0","1","0","3","27","true"
"frontend/src/views/tecnologia/PiezasView.vue","Frontend activo","17","0","0","0","0","107","0","0","15","0","1","0","4","17","true"
"frontend/src/views/tecnologia/ReporteEquiposView.vue","Frontend activo","11","0","0","0","0","53","0","0","7","0","1","0","1","11","true"
"frontend/src/views/tecnologia/TiposEquipoView.vue","Frontend activo","3","0","0","0","0","23","0","0","3","0","0","0","1","3","true"
"frontend/src/views/transporte/MantenimientoView.vue","Frontend activo","9","0","0","0","0","129","0","0","9","0","1","0","5","9","true"
"frontend/src/views/transporte/MovilizacionView.vue","Frontend activo","9","0","0","0","0","118","0","0","9","0","1","0","5","9","true"
"frontend/src/views/transporte/PlanPreventivoView.vue","Frontend activo","5","0","0","0","1","93","0","0","5","0","1","0","2","6","true"
"frontend/src/views/transporte/ReportesView.vue","Frontend activo","18","0","0","0","0","144","13","0","5","0","3","0","0","18","true"
"frontend/src/views/transporte/TalleresView.vue","Frontend activo","3","0","0","0","0","36","0","0","3","0","0","0","1","3","true"
"frontend/src/views/transporte/TiposMantenimientoView.vue","Frontend activo","3","0","0","0","0","23","0","0","3","0","0","0","1","3","true"
"frontend/src/views/transporte/ValesCombustibleView.vue","Frontend activo","3","0","0","0","0","46","0","0","3","0","1","0","1","3","true"
"frontend/src/views/transporte/VehiculosView.vue","Frontend activo","9","0","0","0","1","64","0","0","7","0","0","0","2","10","true"
"frontend/src/views/VacacionesView.vue","Frontend activo","31","0","0","0","0","172","25","0","6","0","1","0","6","31","true"
"backend/resources/css/app.css","Recursos backend","0","0","0","0","0","0","0","0","0","0","0","0","0","0","true"
"backend/resources/js/app.js","Recursos backend","0","0","0","0","0","0","0","0","0","0","0","0","0","0","false"
"backend/resources/js/bootstrap.js","Recursos backend","0","0","0","0","0","0","0","0","0","0","0","0","0","0","false"
"backend/resources/views/reportes/accion_personal.blade.php","Documento/PDF","100","0","0","0","0","0","0","0","197","1","17","0","0","100","true"
"backend/resources/views/reportes/acc_historial_remuneraciones.blade.php","Documento/PDF","22","0","0","0","0","0","0","0","14","1","2","0","0","22","true"
"backend/resources/views/reportes/acc_lista.blade.php","Documento/PDF","35","0","0","0","0","0","0","0","3","1","2","0","0","35","true"
"backend/resources/views/reportes/adq_inventario_mensual.blade.php","Documento/PDF","9","0","0","0","0","0","0","0","18","1","2","0","0","9","true"
"backend/resources/views/reportes/adq_inventario_valorizado.blade.php","Documento/PDF","15","0","0","0","0","0","0","0","25","1","3","0","0","15","true"
"backend/resources/views/reportes/adq_solicitud_material.blade.php","Documento/PDF","28","0","0","0","1","0","0","0","42","1","4","0","0","29","true"
"backend/resources/views/reportes/certificado_laboral.blade.php","Documento/PDF","4","0","0","0","0","0","0","0","16","1","1","0","0","4","true"
"backend/resources/views/reportes/com_ficha_exterior.blade.php","Documento/PDF","14","0","0","0","0","0","0","0","31","1","5","0","0","14","true"
"backend/resources/views/reportes/com_ficha_interior.blade.php","Documento/PDF","14","0","0","0","0","0","0","0","32","1","5","0","0","14","true"
"backend/resources/views/reportes/com_informe_exterior.blade.php","Documento/PDF","9","0","0","0","0","0","0","0","31","1","8","0","0","9","true"
"backend/resources/views/reportes/com_informe_interior.blade.php","Documento/PDF","9","0","0","0","0","0","0","0","31","1","8","0","0","9","true"
"backend/resources/views/reportes/com_solicitud_exterior.blade.php","Documento/PDF","9","0","0","0","0","0","0","0","31","1","7","0","0","9","true"
"backend/resources/views/reportes/com_solicitud_interior.blade.php","Documento/PDF","9","0","0","0","0","0","0","0","32","1","7","0","0","9","true"
"backend/resources/views/reportes/egresos_valorizados.blade.php","Documento/PDF","10","0","0","0","0","0","0","0","13","1","1","0","0","10","true"
"backend/resources/views/reportes/egreso_bodega.blade.php","Documento/PDF","17","0","0","0","0","0","0","0","30","1","6","0","0","17","true"
"backend/resources/views/reportes/he_planificacion.blade.php","Documento/PDF","9","0","0","0","0","0","0","0","24","1","4","0","0","9","true"
"backend/resources/views/reportes/he_registros.blade.php","Documento/PDF","13","0","0","0","0","0","0","0","27","1","4","0","0","13","true"
"backend/resources/views/reportes/ingreso_bodega.blade.php","Documento/PDF","14","0","0","0","0","0","0","0","27","1","6","0","0","14","true"
"backend/resources/views/reportes/kardex.blade.php","Documento/PDF","39","0","0","0","0","0","0","0","27","1","2","0","0","39","true"
"backend/resources/views/reportes/libro_compras.blade.php","Documento/PDF","10","0","0","0","0","0","0","0","11","1","1","0","0","10","true"
"backend/resources/views/reportes/liquidacion_vacaciones.blade.php","Documento/PDF","26","0","0","0","0","0","0","0","9","1","4","0","0","26","true"
"backend/resources/views/reportes/nom_consolidado.blade.php","Documento/PDF","12","0","0","0","0","0","0","0","16","1","2","0","0","12","true"
"backend/resources/views/reportes/nom_decimo_cuarto.blade.php","Documento/PDF","10","0","0","0","0","0","0","0","15","1","2","0","0","10","true"
"backend/resources/views/reportes/nom_decimo_tercero.blade.php","Documento/PDF","10","0","0","0","0","0","0","0","15","1","2","0","0","10","true"
"backend/resources/views/reportes/nom_fondos_reserva.blade.php","Documento/PDF","15","0","0","0","0","0","0","0","17","1","2","0","0","15","true"
"backend/resources/views/reportes/nom_rol_pago.blade.php","Documento/PDF","12","0","0","0","0","0","0","0","34","1","2","0","0","12","true"
"backend/resources/views/reportes/nom_rol_pago_resumenes.blade.php","Documento/PDF","12","0","0","0","0","0","0","0","15","1","2","0","0","12","true"
"backend/resources/views/reportes/permisos_lista.blade.php","Documento/PDF","16","0","0","0","0","0","0","0","23","1","2","0","0","16","true"
"backend/resources/views/reportes/planificacion_vacaciones.blade.php","Documento/PDF","19","1","0","0","1","0","0","0","10","1","2","0","0","21","true"
"backend/resources/views/reportes/reporte_atrasos.blade.php","Documento/PDF","18","0","0","0","0","0","0","0","24","1","2","0","0","18","true"
"backend/resources/views/reportes/reporte_empleados.blade.php","Documento/PDF","19","0","0","0","0","0","0","0","19","1","2","0","0","19","true"
"backend/resources/views/reportes/reporte_faltantes.blade.php","Documento/PDF","14","0","0","0","0","0","0","0","16","1","2","0","0","14","true"
"backend/resources/views/reportes/reporte_movimientos.blade.php","Documento/PDF","20","0","0","0","0","0","0","0","26","1","3","0","0","20","true"
"backend/resources/views/reportes/ti_acta_mantenimiento.blade.php","Documento/PDF","12","0","0","0","0","0","0","0","16","1","5","0","0","12","true"
"backend/resources/views/reportes/ti_acta_mantenimiento_externo.blade.php","Documento/PDF","12","0","0","0","0","0","0","0","15","1","4","0","0","12","true"
"backend/resources/views/reportes/ti_reporte_equipos.blade.php","Documento/PDF","7","0","0","0","0","0","0","0","20","1","2","0","0","7","true"
"backend/resources/views/reportes/trans_orden_movilizacion.blade.php","Documento/PDF","8","0","0","0","0","0","0","0","11","1","5","0","0","8","true"
"backend/resources/views/reportes/trans_orden_trabajo.blade.php","Documento/PDF","22","0","0","0","0","0","0","0","27","1","6","0","0","22","true"
"backend/resources/views/reportes/trans_reporte_mantenimiento.blade.php","Documento/PDF","22","0","0","0","0","0","0","0","21","1","3","0","0","22","true"
"backend/resources/views/reportes/trans_reporte_movilizacion.blade.php","Documento/PDF","18","0","0","0","0","0","0","0","20","1","3","0","0","18","true"
"backend/resources/views/reportes/trans_reporte_vales.blade.php","Documento/PDF","14","0","0","0","0","0","0","0","19","1","3","0","0","14","true"
"backend/resources/views/reportes/trans_vale_combustible.blade.php","Documento/PDF","8","0","0","0","0","0","0","0","18","1","5","0","0","8","true"
"backend/resources/views/reportes/vac_reporte_saldo.blade.php","Documento/PDF","17","0","0","0","0","0","0","0","19","1","2","0","0","17","true"
"backend/resources/views/welcome.blade.php","Página Laravel inicial","246","6","0","242","19","16","53","139","7","1","0","0","0","513","true"
"backend/app/Console/Commands/AdoptarBaselineRrhh.php","Código backend","0","0","0","0","0","0","0","0","0","0","0","0","0","0","false"
"backend/app/Console/Commands/CerrarAccionesVencidas.php","Código backend","0","0","0","0","0","0","0","0","0","0","0","0","0","0","false"
"backend/app/Console/Commands/LimpiarProduccion.php","Código backend","0","0","0","0","0","0","0","0","0","0","0","0","0","0","false"
"backend/app/Console/Commands/ProcesarCuadre.php","Código backend","0","0","0","0","0","0","0","0","0","0","0","0","0","0","false"
"backend/app/Http/Controllers/AccionPersonalController.php","Código backend","0","0","0","0","0","0","0","0","0","0","0","0","0","0","false"
"backend/app/Http/Controllers/Admin/AportesIessController.php","Código backend","0","0","0","0","0","0","0","0","0","0","0","0","0","0","false"
"backend/app/Http/Controllers/Admin/AuditoriaController.php","Código backend","0","0","0","0","0","0","0","0","0","0","0","0","0","0","false"
"backend/app/Http/Controllers/Admin/AvisoController.php","Código backend","0","0","0","0","0","0","0","0","0","0","0","0","0","0","false"
"backend/app/Http/Controllers/Admin/CalendarioController.php","Código backend","0","0","0","0","0","0","0","0","0","0","0","0","0","0","false"
"backend/app/Http/Controllers/Admin/ConfiguracionController.php","Código backend","0","0","0","0","0","0","0","0","0","0","0","0","0","0","false"
"backend/app/Http/Controllers/Admin/DepartamentoController.php","Código backend","0","0","0","0","0","0","0","0","0","0","0","0","0","0","false"
"backend/app/Http/Controllers/Admin/ModalidadLaboralController.php","Código backend","0","0","0","0","0","0","0","0","0","0","0","0","0","0","false"
"backend/app/Http/Controllers/Admin/ProvinciaCiudadController.php","Código backend","0","0","0","0","0","0","0","0","0","0","0","0","0","0","false"
"backend/app/Http/Controllers/Admin/RazonController.php","Código backend","0","0","0","0","0","0","0","0","0","0","0","0","0","0","false"
"backend/app/Http/Controllers/Admin/TurnoController.php","Código backend","1","0","0","0","0","0","0","0","0","0","0","0","0","1","true"
"backend/app/Http/Controllers/Adquisiciones/AdqDashboardController.php","Código backend","0","0","0","0","0","0","0","0","0","0","0","0","0","0","false"
"backend/app/Http/Controllers/Adquisiciones/AjusteController.php","Código backend","0","0","0","0","0","0","0","0","0","0","0","0","0","0","false"
"backend/app/Http/Controllers/Adquisiciones/ArticuloController.php","Código backend","0","0","0","0","0","0","0","0","0","0","0","0","0","0","false"
"backend/app/Http/Controllers/Adquisiciones/CatalogoInventarioController.php","Código backend","0","0","0","0","0","0","0","0","0","0","0","0","0","0","false"
"backend/app/Http/Controllers/Adquisiciones/EgresoController.php","Código backend","0","0","0","0","0","0","0","0","0","0","0","0","0","0","false"
"backend/app/Http/Controllers/Adquisiciones/IvaController.php","Código backend","0","0","0","0","0","0","0","0","0","0","0","0","0","0","false"
"backend/app/Http/Controllers/Adquisiciones/OrdenCompraController.php","Código backend","0","0","0","0","0","0","0","0","0","0","0","0","0","0","false"
"backend/app/Http/Controllers/Adquisiciones/ProcesoContratacionController.php","Código backend","0","0","0","0","0","0","0","0","0","0","0","0","0","0","false"
"backend/app/Http/Controllers/Adquisiciones/ProveedorController.php","Código backend","0","0","0","0","0","0","0","0","0","0","0","0","0","0","false"
"backend/app/Http/Controllers/Adquisiciones/ReporteAdqController.php","Código backend","0","0","0","0","0","0","0","0","0","0","0","0","0","0","false"
"backend/app/Http/Controllers/Adquisiciones/SolicitudMaterialController.php","Código backend","0","0","0","0","0","0","0","0","0","0","0","0","0","0","false"
"backend/app/Http/Controllers/Adquisiciones/UnidadMedidaController.php","Código backend","0","0","0","0","0","0","0","0","0","0","0","0","0","0","false"
"backend/app/Http/Controllers/AsistenciaController.php","Código backend","0","0","0","0","0","0","0","0","0","0","0","0","0","0","false"
"backend/app/Http/Controllers/AuthController.php","Código backend","0","0","0","0","0","0","0","0","0","0","0","0","0","0","false"
"backend/app/Http/Controllers/CertificadoLaboralController.php","Código backend","0","0","0","0","0","0","0","0","0","0","0","0","0","0","false"
"backend/app/Http/Controllers/Comisiones/AnticipController.php","Código backend","0","0","0","0","0","0","0","0","0","0","0","0","0","0","false"
"backend/app/Http/Controllers/Comisiones/CoeficientePaisController.php","Código backend","0","0","0","0","0","0","0","0","0","0","0","0","0","0","false"
"backend/app/Http/Controllers/Comisiones/ComisionController.php","Código backend","0","0","0","0","0","0","0","0","0","0","0","0","0","0","false"
"backend/app/Http/Controllers/Comisiones/FuncionarioExternoController.php","Código backend","0","0","0","0","0","0","0","0","0","0","0","0","0","0","false"
"backend/app/Http/Controllers/Comisiones/InformeComisionController.php","Código backend","0","0","0","0","0","0","0","0","0","0","0","0","0","0","false"
"backend/app/Http/Controllers/Comisiones/LiquidacionController.php","Código backend","0","0","0","0","0","0","0","0","0","0","0","0","0","0","false"
"backend/app/Http/Controllers/Comisiones/TarifaViaticosController.php","Código backend","0","0","0","0","0","0","0","0","0","0","0","0","0","0","false"
"backend/app/Http/Controllers/Controller.php","Código backend","0","0","0","0","0","0","0","0","0","0","0","0","0","0","false"
"backend/app/Http/Controllers/CuadreController.php","Código backend","0","0","0","0","0","0","0","0","0","0","0","0","0","0","false"
"backend/app/Http/Controllers/DashboardController.php","Código backend","0","0","0","0","0","0","0","0","0","0","0","0","0","0","false"
"backend/app/Http/Controllers/EmpleadoController.php","Código backend","0","0","0","0","0","0","0","0","0","0","0","0","0","0","false"
"backend/app/Http/Controllers/HorasExtrasController.php","Código backend","0","0","0","0","0","0","0","0","0","0","0","0","0","0","false"
"backend/app/Http/Controllers/ImportacionController.php","Código backend","0","0","0","0","0","0","0","0","0","0","0","0","0","0","false"
"backend/app/Http/Controllers/JornadaController.php","Código backend","0","0","0","0","0","0","0","0","0","0","0","0","0","0","false"
"backend/app/Http/Controllers/LiquidacionVacController.php","Código backend","0","0","0","0","0","0","0","0","0","0","0","0","0","0","false"
"backend/app/Http/Controllers/LotaipController.php","Código backend","0","0","0","0","0","0","0","0","0","0","0","0","0","0","false"
"backend/app/Http/Controllers/NominaController.php","Código backend","0","0","0","0","0","0","0","0","0","0","0","0","0","0","false"
"backend/app/Http/Controllers/OpcionController.php","Código backend","0","0","0","0","0","0","0","0","0","0","0","0","0","0","false"
"backend/app/Http/Controllers/PeriodoPlanificacionController.php","Código backend","0","0","0","0","0","0","0","0","0","0","0","0","0","0","false"
"backend/app/Http/Controllers/PermisosController.php","Código backend","0","0","0","0","0","0","0","0","0","0","0","0","0","0","false"
"backend/app/Http/Controllers/PlanificacionVacController.php","Código backend","0","0","0","0","0","0","0","0","0","0","0","0","0","0","false"
"backend/app/Http/Controllers/ReporteEmpleadosController.php","Código backend","0","0","0","0","0","0","0","0","0","0","0","0","0","0","false"
"backend/app/Http/Controllers/ReportePlanificacionController.php","Código backend","0","0","0","0","0","0","0","0","0","0","0","0","0","0","false"
"backend/app/Http/Controllers/ReportesController.php","Código backend","0","0","0","0","0","0","0","0","0","0","0","0","0","0","false"
"backend/app/Http/Controllers/ReporteVacacionesController.php","Código backend","0","0","0","0","0","0","0","0","0","0","0","0","0","0","false"
"backend/app/Http/Controllers/RolController.php","Código backend","0","0","0","0","0","0","0","0","0","0","0","0","0","0","false"
"backend/app/Http/Controllers/RolPagoController.php","Código backend","0","0","0","0","0","0","0","0","0","0","0","0","0","0","false"
"backend/app/Http/Controllers/SupervisorController.php","Código backend","0","0","0","0","0","0","0","0","0","0","0","0","0","0","false"
"backend/app/Http/Controllers/Tecnologia/ActividadMantenimientoController.php","Código backend","0","0","0","0","0","0","0","0","0","0","0","0","0","0","false"
"backend/app/Http/Controllers/Tecnologia/EquipoController.php","Código backend","0","0","0","0","0","0","0","0","0","0","0","0","0","0","false"
"backend/app/Http/Controllers/Tecnologia/MantenimientoController.php","Código backend","0","0","0","0","0","0","0","0","0","0","0","0","0","0","false"
"backend/app/Http/Controllers/Tecnologia/PiezaController.php","Código backend","0","0","0","0","0","0","0","0","0","0","0","0","0","0","false"
"backend/app/Http/Controllers/Tecnologia/ReporteEquipoController.php","Código backend","0","0","0","0","0","0","0","0","0","0","0","0","0","0","false"
"backend/app/Http/Controllers/Tecnologia/TipoEquipoController.php","Código backend","0","0","0","0","0","0","0","0","0","0","0","0","0","0","false"
"backend/app/Http/Controllers/Transporte/PlanPreventivoController.php","Código backend","0","0","0","0","0","0","0","0","0","0","0","0","0","0","false"
"backend/app/Http/Controllers/Transporte/ReporteTransporteController.php","Código backend","0","0","0","0","0","0","0","0","0","0","0","0","0","0","false"
"backend/app/Http/Controllers/Transporte/TallerController.php","Código backend","0","0","0","0","0","0","0","0","0","0","0","0","0","0","false"
"backend/app/Http/Controllers/Transporte/TipoMantenimientoController.php","Código backend","0","0","0","0","0","0","0","0","0","0","0","0","0","0","false"
"backend/app/Http/Controllers/Transporte/ValeController.php","Código backend","0","0","0","0","0","0","0","0","0","0","0","0","0","0","false"
"backend/app/Http/Controllers/TransporteController.php","Código backend","0","0","0","0","0","0","0","0","0","0","0","0","0","0","false"
"backend/app/Http/Controllers/VacacionesController.php","Código backend","0","0","0","0","0","0","0","0","0","0","0","0","0","0","false"
"backend/app/Http/Controllers/ZktecoController.php","Código backend","0","0","0","0","0","0","0","0","0","0","0","0","0","0","false"
"backend/app/Http/Middleware/ValidarSesionSit.php","Código backend","0","0","0","0","0","0","0","0","0","0","0","0","0","0","false"
"backend/app/Models/AccionPersonal.php","Código backend","0","0","0","0","0","0","0","0","0","0","0","0","0","0","false"
"backend/app/Models/AdminOpcion.php","Código backend","0","0","0","0","0","0","0","0","0","0","0","0","0","0","false"
"backend/app/Models/AdminRol.php","Código backend","0","0","0","0","0","0","0","0","0","0","0","0","0","0","false"
"backend/app/Models/AdminUsuarioRol.php","Código backend","0","0","0","0","0","0","0","0","0","0","0","0","0","0","false"
"backend/app/Models/Adq/Articulo.php","Código backend","0","0","0","0","0","0","0","0","0","0","0","0","0","0","false"
"backend/app/Models/Adq/Egreso.php","Código backend","0","0","0","0","0","0","0","0","0","0","0","0","0","0","false"
"backend/app/Models/Adq/EgresoDet.php","Código backend","0","0","0","0","0","0","0","0","0","0","0","0","0","0","false"
"backend/app/Models/Adq/Iva.php","Código backend","0","0","0","0","0","0","0","0","0","0","0","0","0","0","false"
"backend/app/Models/Adq/Kardex.php","Código backend","0","0","0","0","0","0","0","0","0","0","0","0","0","0","false"
"backend/app/Models/Adq/OrdenCompra.php","Código backend","0","0","0","0","0","0","0","0","0","0","0","0","0","0","false"
"backend/app/Models/Adq/OrdenCompraDet.php","Código backend","0","0","0","0","0","0","0","0","0","0","0","0","0","0","false"
"backend/app/Models/Adq/Proveedor.php","Código backend","0","0","0","0","0","0","0","0","0","0","0","0","0","0","false"
"backend/app/Models/Adq/ProveedorCatalogo.php","Código backend","0","0","0","0","0","0","0","0","0","0","0","0","0","0","false"
"backend/app/Models/Adq/SolicitudMaterial.php","Código backend","0","0","0","0","0","0","0","0","0","0","0","0","0","0","false"
"backend/app/Models/Adq/SolicitudMaterialDet.php","Código backend","0","0","0","0","0","0","0","0","0","0","0","0","0","0","false"
"backend/app/Models/AportesIess.php","Código backend","0","0","0","0","0","0","0","0","0","0","0","0","0","0","false"
"backend/app/Models/Aviso.php","Código backend","0","0","0","0","0","0","0","0","0","0","0","0","0","0","false"
"backend/app/Models/CabeceraVacacion.php","Código backend","0","0","0","0","0","0","0","0","0","0","0","0","0","0","false"
"backend/app/Models/CabTurno.php","Código backend","0","0","0","0","0","0","0","0","0","0","0","0","0","0","false"
"backend/app/Models/CertificadoLaboral.php","Código backend","0","0","0","0","0","0","0","0","0","0","0","0","0","0","false"
"backend/app/Models/ComAnticipo.php","Código backend","0","0","0","0","0","0","0","0","0","0","0","0","0","0","false"
"backend/app/Models/ComCoeficientePais.php","Código backend","0","0","0","0","0","0","0","0","0","0","0","0","0","0","false"
"backend/app/Models/ComFichaLiquidacion.php","Código backend","0","0","0","0","0","0","0","0","0","0","0","0","0","0","false"
"backend/app/Models/ComFuncionarioExterno.php","Código backend","0","0","0","0","0","0","0","0","0","0","0","0","0","0","false"
"backend/app/Models/ComInforme.php","Código backend","0","0","0","0","0","0","0","0","0","0","0","0","0","0","false"
"backend/app/Models/ComInformeTransporte.php","Código backend","0","0","0","0","0","0","0","0","0","0","0","0","0","0","false"
"backend/app/Models/ComSolicitud.php","Código backend","0","0","0","0","0","0","0","0","0","0","0","0","0","0","false"
"backend/app/Models/ComSolicitudDocumento.php","Código backend","0","0","0","0","0","0","0","0","0","0","0","0","0","0","false"
"backend/app/Models/ComSolicitudServidor.php","Código backend","0","0","0","0","0","0","0","0","0","0","0","0","0","0","false"
"backend/app/Models/ComSolicitudTransporte.php","Código backend","0","0","0","0","0","0","0","0","0","0","0","0","0","0","false"
"backend/app/Models/ComTarifaViatico.php","Código backend","0","0","0","0","0","0","0","0","0","0","0","0","0","0","false"
"backend/app/Models/Configuracion.php","Código backend","0","0","0","0","0","0","0","0","0","0","0","0","0","0","false"
"backend/app/Models/Departamento.php","Código backend","0","0","0","0","0","0","0","0","0","0","0","0","0","0","false"
"backend/app/Models/DetalleVacacion.php","Código backend","0","0","0","0","0","0","0","0","0","0","0","0","0","0","false"
"backend/app/Models/Empleado.php","Código backend","0","0","0","0","0","0","0","0","0","0","0","0","0","0","false"
"backend/app/Models/EmpleadoHijo.php","Código backend","0","0","0","0","0","0","0","0","0","0","0","0","0","0","false"
"backend/app/Models/EmpleadoMail.php","Código backend","0","0","0","0","0","0","0","0","0","0","0","0","0","0","false"
"backend/app/Models/HePlanificacionCab.php","Código backend","0","0","0","0","0","0","0","0","0","0","0","0","0","0","false"
"backend/app/Models/HePlanificacionDet.php","Código backend","0","0","0","0","0","0","0","0","0","0","0","0","0","0","false"
"backend/app/Models/HeRegistro.php","Código backend","0","0","0","0","0","0","0","0","0","0","0","0","0","0","false"
"backend/app/Models/Jornada.php","Código backend","0","0","0","0","0","0","0","0","0","0","0","0","0","0","false"
"backend/app/Models/LiquidacionHistorico.php","Código backend","0","0","0","0","0","0","0","0","0","0","0","0","0","0","false"
"backend/app/Models/ListaFecha.php","Código backend","0","0","0","0","0","0","0","0","0","0","0","0","0","0","false"
"backend/app/Models/ModalidadLaboral.php","Código backend","0","0","0","0","0","0","0","0","0","0","0","0","0","0","false"
"backend/app/Models/Nomina/DecimoCuarto.php","Código backend","0","0","0","0","0","0","0","0","0","0","0","0","0","0","false"
"backend/app/Models/Nomina/DecimoTercero.php","Código backend","0","0","0","0","0","0","0","0","0","0","0","0","0","0","false"
"backend/app/Models/Nomina/FondosReserva.php","Código backend","0","0","0","0","0","0","0","0","0","0","0","0","0","0","false"
"backend/app/Models/Nomina/RolPago.php","Código backend","0","0","0","0","0","0","0","0","0","0","0","0","0","0","false"
"backend/app/Models/Nomina/RolPagoDet.php","Código backend","0","0","0","0","0","0","0","0","0","0","0","0","0","0","false"
"backend/app/Models/Nomina/SbuHistorico.php","Código backend","0","0","0","0","0","0","0","0","0","0","0","0","0","0","false"
"backend/app/Models/PeriodoPlanificacion.php","Código backend","0","0","0","0","0","0","0","0","0","0","0","0","0","0","false"
"backend/app/Models/Permiso.php","Código backend","0","0","0","0","0","0","0","0","0","0","0","0","0","0","false"
"backend/app/Models/PersonalAccessToken.php","Código backend","0","0","0","0","0","0","0","0","0","0","0","0","0","0","false"
"backend/app/Models/PlanificacionCab.php","Código backend","0","0","0","0","0","0","0","0","0","0","0","0","0","0","false"
"backend/app/Models/PlanificacionDet.php","Código backend","0","0","0","0","0","0","0","0","0","0","0","0","0","0","false"
"backend/app/Models/Razon.php","Código backend","0","0","0","0","0","0","0","0","0","0","0","0","0","0","false"
"backend/app/Models/ReportePlanificacion.php","Código backend","0","0","0","0","0","0","0","0","0","0","0","0","0","0","false"
"backend/app/Models/SgControlPersona.php","Código backend","0","0","0","0","0","0","0","0","0","0","0","0","0","0","false"
"backend/app/Models/Supervisor.php","Código backend","0","0","0","0","0","0","0","0","0","0","0","0","0","0","false"
"backend/app/Models/Tecnologia/ActividadMantenimiento.php","Código backend","0","0","0","0","0","0","0","0","0","0","0","0","0","0","false"
"backend/app/Models/Tecnologia/Asignacion.php","Código backend","0","0","0","0","0","0","0","0","0","0","0","0","0","0","false"
"backend/app/Models/Tecnologia/Equipo.php","Código backend","0","0","0","0","0","0","0","0","0","0","0","0","0","0","false"
"backend/app/Models/Tecnologia/Mantenimiento.php","Código backend","0","0","0","0","0","0","0","0","0","0","0","0","0","0","false"
"backend/app/Models/Tecnologia/MantenimientoDetalle.php","Código backend","0","0","0","0","0","0","0","0","0","0","0","0","0","0","false"
"backend/app/Models/Tecnologia/Pieza.php","Código backend","0","0","0","0","0","0","0","0","0","0","0","0","0","0","false"
"backend/app/Models/Tecnologia/PiezaMovimiento.php","Código backend","0","0","0","0","0","0","0","0","0","0","0","0","0","0","false"
"backend/app/Models/Tecnologia/TipoEquipo.php","Código backend","0","0","0","0","0","0","0","0","0","0","0","0","0","0","false"
"backend/app/Models/Transporte/Mantenimiento.php","Código backend","0","0","0","0","0","0","0","0","0","0","0","0","0","0","false"
"backend/app/Models/Transporte/MantenimientoActividad.php","Código backend","0","0","0","0","0","0","0","0","0","0","0","0","0","0","false"
"backend/app/Models/Transporte/PlanPreventivoCab.php","Código backend","0","0","0","0","0","0","0","0","0","0","0","0","0","0","false"
"backend/app/Models/Transporte/PlanPreventivoDet.php","Código backend","0","0","0","0","0","0","0","0","0","0","0","0","0","0","false"
"backend/app/Models/Transporte/SolicitudMov.php","Código backend","0","0","0","0","0","0","0","0","0","0","0","0","0","0","false"
"backend/app/Models/Transporte/Taller.php","Código backend","0","0","0","0","0","0","0","0","0","0","0","0","0","0","false"
"backend/app/Models/Transporte/TipoMantenimiento.php","Código backend","0","0","0","0","0","0","0","0","0","0","0","0","0","0","false"
"backend/app/Models/Transporte/ValeCombustible.php","Código backend","0","0","0","0","0","0","0","0","0","0","0","0","0","0","false"
"backend/app/Models/Transporte/Vehiculo.php","Código backend","0","0","0","0","0","0","0","0","0","0","0","0","0","0","false"
"backend/app/Models/Turno.php","Código backend","0","0","0","0","0","0","0","0","0","0","0","0","0","0","false"
"backend/app/Models/User.php","Código backend","0","0","0","0","0","0","0","0","0","0","0","0","0","0","false"
"backend/app/Models/Vacacion.php","Código backend","0","0","0","0","0","0","0","0","0","0","0","0","0","0","false"
"backend/app/Providers/AppServiceProvider.php","Código backend","0","0","0","0","0","0","0","0","0","0","0","0","0","0","false"
"backend/app/Services/ActiveDirectoryService.php","Código backend","0","0","0","0","0","0","0","0","0","0","0","0","0","0","false"
"backend/app/Services/AuditoriaService.php","Código backend","0","0","0","0","0","0","0","0","0","0","0","0","0","0","false"
"backend/app/Services/AutenticacionService.php","Código backend","0","0","0","0","0","0","0","0","0","0","0","0","0","0","false"
"backend/app/Services/AutorizacionMarcacionService.php","Código backend","0","0","0","0","0","0","0","0","0","0","0","0","0","0","false"
"backend/app/Services/BaselineRrhhService.php","Código backend","0","0","0","0","0","0","0","0","0","0","0","0","0","0","false"
"backend/app/Services/DatosBaseInicialesService.php","Código backend","0","0","0","0","0","0","0","0","0","0","0","0","0","0","false"
"backend/app/Services/MarcacionService.php","Código backend","0","0","0","0","0","0","0","0","0","0","0","0","0","0","false"
"backend/app/Services/SaldoVacacionesService.php","Código backend","0","0","0","0","0","0","0","0","0","0","0","0","0","0","false"
"backend/app/Services/SesionSitService.php","Código backend","0","0","0","0","0","0","0","0","0","0","0","0","0","0","false"
"backend/app/Services/UbicacionMarcacionService.php","Código backend","0","0","0","0","0","0","0","0","0","0","0","0","0","0","false"
"backend/routes/api.php","Código backend","0","0","0","0","0","0","0","0","0","0","0","0","0","0","false"
"backend/routes/console.php","Código backend","0","0","0","0","0","0","0","0","0","0","0","0","0","0","false"
"backend/routes/web.php","Código backend","0","0","0","0","0","0","0","0","0","0","0","0","0","0","false"
"frontend/index.html","Frontend activo","0","0","0","0","0","0","0","0","0","0","0","0","0","0","true"
