"archivo","linea","ambito","nombre","valor","referenciasDirectas"
"frontend/src/assets/base.css","3","Frontend sin importación detectada","--vt-c-white","#ffffff","2"
"frontend/src/assets/base.css","4","Frontend sin importación detectada","--vt-c-white-soft","#f8f8f8","1"
"frontend/src/assets/base.css","5","Frontend sin importación detectada","--vt-c-white-mute","#f2f2f2","1"
"frontend/src/assets/base.css","7","Frontend sin importación detectada","--vt-c-black","#181818","1"
"frontend/src/assets/base.css","8","Frontend sin importación detectada","--vt-c-black-soft","#222222","1"
"frontend/src/assets/base.css","9","Frontend sin importación detectada","--vt-c-black-mute","#282828","1"
"frontend/src/assets/base.css","11","Frontend sin importación detectada","--vt-c-indigo","#2c3e50","1"
"frontend/src/assets/base.css","13","Frontend sin importación detectada","--vt-c-divider-light-1","rgba(60, 60, 60, 0.29)","1"
"frontend/src/assets/base.css","14","Frontend sin importación detectada","--vt-c-divider-light-2","rgba(60, 60, 60, 0.12)","1"
"frontend/src/assets/base.css","15","Frontend sin importación detectada","--vt-c-divider-dark-1","rgba(84, 84, 84, 0.65)","1"
"frontend/src/assets/base.css","16","Frontend sin importación detectada","--vt-c-divider-dark-2","rgba(84, 84, 84, 0.48)","1"
"frontend/src/assets/base.css","18","Frontend sin importación detectada","--vt-c-text-light-1","var(--vt-c-indigo)","2"
"frontend/src/assets/base.css","19","Frontend sin importación detectada","--vt-c-text-light-2","rgba(60, 60, 60, 0.66)","0"
"frontend/src/assets/base.css","20","Frontend sin importación detectada","--vt-c-text-dark-1","var(--vt-c-white)","1"
"frontend/src/assets/base.css","21","Frontend sin importación detectada","--vt-c-text-dark-2","rgba(235, 235, 235, 0.64)","1"
"frontend/src/assets/base.css","26","Frontend sin importación detectada","--color-background","var(--vt-c-white)","2"
"frontend/src/assets/base.css","27","Frontend sin importación detectada","--color-background-soft","var(--vt-c-white-soft)","0"
"frontend/src/assets/base.css","28","Frontend sin importación detectada","--color-background-mute","var(--vt-c-white-mute)","0"
"frontend/src/assets/base.css","30","Frontend sin importación detectada","--color-border","var(--vt-c-divider-light-2)","3"
"frontend/src/assets/base.css","31","Frontend sin importación detectada","--color-border-hover","var(--vt-c-divider-light-1)","0"
"frontend/src/assets/base.css","33","Frontend sin importación detectada","--color-heading","var(--vt-c-text-light-1)","1"
"frontend/src/assets/base.css","34","Frontend sin importación detectada","--color-text","var(--vt-c-text-light-1)","2"
"frontend/src/assets/base.css","36","Frontend sin importación detectada","--section-gap","160px","1"
"frontend/src/assets/base.css","41","Frontend sin importación detectada","--color-background","var(--vt-c-black)","2"
"frontend/src/assets/base.css","42","Frontend sin importación detectada","--color-background-soft","var(--vt-c-black-soft)","0"
"frontend/src/assets/base.css","43","Frontend sin importación detectada","--color-background-mute","var(--vt-c-black-mute)","0"
"frontend/src/assets/base.css","45","Frontend sin importación detectada","--color-border","var(--vt-c-divider-dark-2)","3"
"frontend/src/assets/base.css","46","Frontend sin importación detectada","--color-border-hover","var(--vt-c-divider-dark-1)","0"
"frontend/src/assets/base.css","48","Frontend sin importación detectada","--color-heading","var(--vt-c-text-dark-1)","1"
"frontend/src/assets/base.css","49","Frontend sin importación detectada","--color-text","var(--vt-c-text-dark-2)","2"
"frontend/src/styles/sit-theme.css","6","Frontend activo","--sit-font-ui","'Montserrat', system-ui, 'Segoe UI', sans-serif","2"
"frontend/src/styles/sit-theme.css","7","Frontend activo","--sit-primary","#034ea2","14"
"frontend/src/styles/sit-theme.css","7","Frontend activo","--sit-primary-hover","#03458f","3"
"frontend/src/styles/sit-theme.css","7","Frontend activo","--sit-primary-active","#023b7b","0"
"frontend/src/styles/sit-theme.css","7","Frontend activo","--sit-primary-focus","#a9c3df","2"
"frontend/src/styles/sit-theme.css","8","Frontend activo","--sit-topbar-end","#0b2e6b","2"
"frontend/src/styles/sit-theme.css","8","Frontend activo","--sit-on-color","#ffffff","5"
"frontend/src/styles/sit-theme.css","8","Frontend activo","--sit-surface","var(--sit-on-color)","8"
"frontend/src/styles/sit-theme.css","8","Frontend activo","--sit-ground","#f8f9fa","5"
"frontend/src/styles/sit-theme.css","9","Frontend activo","--sit-border","#dee2e6","9"
"frontend/src/styles/sit-theme.css","9","Frontend activo","--sit-text","#495057","4"
"frontend/src/styles/sit-theme.css","9","Frontend activo","--sit-text-muted","#5f6870","5"
"frontend/src/styles/sit-theme.css","9","Frontend activo","--sit-text-strong","#212529","3"
"frontend/src/styles/sit-theme.css","10","Frontend activo","--sit-neutral","#597481","0"
"frontend/src/styles/sit-theme.css","10","Frontend activo","--sit-success","#517c2c","0"
"frontend/src/styles/sit-theme.css","10","Frontend activo","--sit-info","#0276b6","0"
"frontend/src/styles/sit-theme.css","10","Frontend activo","--sit-warn","#fbc02d","2"
"frontend/src/styles/sit-theme.css","10","Frontend activo","--sit-warn-text","#8d6c19","2"
"frontend/src/styles/sit-theme.css","10","Frontend activo","--sit-danger","#d32f2f","5"
"frontend/src/styles/sit-theme.css","11","Frontend activo","--sit-primary-soft","#f0f4f9","3"
"frontend/src/styles/sit-theme.css","11","Frontend activo","--sit-success-soft","#f6fbf6","0"
"frontend/src/styles/sit-theme.css","11","Frontend activo","--sit-info-soft","#f4fafe","0"
"frontend/src/styles/sit-theme.css","11","Frontend activo","--sit-warn-soft","#fffcf5","2"
"frontend/src/styles/sit-theme.css","11","Frontend activo","--sit-danger-soft","#fef4f4","2"
"frontend/src/styles/sit-theme.css","11","Frontend activo","--sit-neutral-soft","var(--sit-ground)","0"
"frontend/src/styles/sit-theme.css","12","Frontend activo","--sit-radius",".5rem","10"
"frontend/src/styles/sit-theme.css","12","Frontend activo","--sit-shadow-card","0 1px 4px rgb(0 0 0 / .08)","0"
"frontend/src/styles/sit-theme.css","12","Frontend activo","--sit-shadow-float","0 4px 16px rgb(0 0 0 / .15)","3"
"frontend/src/styles/sit-theme.css","12","Frontend activo","--sit-overlay","rgb(15 23 42 / .45)","1"
"frontend/src/styles/sit-theme.css","13","Frontend activo","--sit-header-height","4rem","3"
"frontend/src/styles/sit-theme.css","13","Frontend activo","--sit-menu-top","var(--sit-header-height)","2"
"frontend/src/styles/sit-theme.css","13","Frontend activo","--sit-sidebar-width","16rem","2"
"frontend/src/styles/sit-theme.css","13","Frontend activo","--sit-sidebar-collapsed","4rem","1"
"frontend/src/styles/sit-theme.css","14","Frontend activo","--sit-z-topbar","30","1"
"frontend/src/styles/sit-theme.css","14","Frontend activo","--sit-z-overlay","40","1"
"frontend/src/styles/sit-theme.css","14","Frontend activo","--sit-z-menu","45","3"
"frontend/src/styles/sit-theme.css","17","Frontend activo","--font-sans","var(--sit-font-ui)","0"
"frontend/src/styles/sit-theme.css","18","Frontend activo","--color-sit-primary","var(--sit-primary)","0"
"frontend/src/styles/sit-theme.css","18","Frontend activo","--color-sit-primary-hover","var(--sit-primary-hover)","0"
"frontend/src/styles/sit-theme.css","19","Frontend activo","--color-sit-text","var(--sit-text)","0"
"frontend/src/styles/sit-theme.css","19","Frontend activo","--color-sit-muted","var(--sit-text-muted)","0"
"frontend/src/styles/sit-theme.css","19","Frontend activo","--color-sit-border","var(--sit-border)","0"
"frontend/src/styles/sit-theme.css","19","Frontend activo","--color-sit-surface","var(--sit-surface)","0"
"frontend/src/styles/sit-theme.css","27","Frontend activo","--sit-menu-top","calc(var(--sit-header-height) + 1.5rem)","2"
"frontend/src/views/adquisiciones/OrdenesCompraView.vue","75","Frontend sin importación detectada","--tw-ring-color","#4a5e3a","0"
"frontend/src/views/tecnologia/EquiposView.vue","34","Frontend activo","--tw-ring-color","#4d7c8a55","0"
"frontend/src/views/tecnologia/MantenimientoView.vue","19","Frontend activo","--tw-ring-color","#4d7c8a55","0"
"frontend/src/views/tecnologia/PiezasView.vue","17","Frontend activo","--tw-ring-color","#4d7c8a55","0"
"frontend/src/views/transporte/VehiculosView.vue","16","Frontend activo","--tw-ring-color","#1e3a5f","0"
"backend/resources/css/app.css","9","Recursos backend","--font-sans","'Instrument Sans', ui-sans-serif, system-ui, sans-serif, 'Apple Color Emoji', 'Segoe UI Emoji',
        'Segoe UI Symbol', 'Noto Color Emoji'","0"
"backend/resources/views/welcome.blade.php","18","Página Laravel inicial","--font-sans","'Instrument Sans',ui-sans-serif,system-ui,sans-serif,""Apple Color Emoji"",""Segoe UI Emoji"",""Segoe UI Symbol"",""Noto Color Emoji""","1"
"backend/resources/views/welcome.blade.php","18","Página Laravel inicial","--font-serif","ui-serif,Georgia,Cambria,""Times New Roman"",Times,serif","0"
"backend/resources/views/welcome.blade.php","18","Página Laravel inicial","--font-mono","ui-monospace,SFMono-Regular,Menlo,Monaco,Consolas,""Liberation Mono"",""Courier New"",monospace","1"
"backend/resources/views/welcome.blade.php","18","Página Laravel inicial","--color-red-50","oklch(.971 .013 17.38)","0"
"backend/resources/views/welcome.blade.php","18","Página Laravel inicial","--color-red-100","oklch(.936 .032 17.717)","0"
"backend/resources/views/welcome.blade.php","18","Página Laravel inicial","--color-red-200","oklch(.885 .062 18.334)","0"
"backend/resources/views/welcome.blade.php","18","Página Laravel inicial","--color-red-300","oklch(.808 .114 19.571)","0"
"backend/resources/views/welcome.blade.php","18","Página Laravel inicial","--color-red-400","oklch(.704 .191 22.216)","0"
"backend/resources/views/welcome.blade.php","18","Página Laravel inicial","--color-red-500","oklch(.637 .237 25.331)","0"
"backend/resources/views/welcome.blade.php","18","Página Laravel inicial","--color-red-600","oklch(.577 .245 27.325)","0"
"backend/resources/views/welcome.blade.php","18","Página Laravel inicial","--color-red-700","oklch(.505 .213 27.518)","0"
"backend/resources/views/welcome.blade.php","18","Página Laravel inicial","--color-red-800","oklch(.444 .177 26.899)","0"
"backend/resources/views/welcome.blade.php","18","Página Laravel inicial","--color-red-900","oklch(.396 .141 25.723)","0"
"backend/resources/views/welcome.blade.php","18","Página Laravel inicial","--color-red-950","oklch(.258 .092 26.042)","0"
"backend/resources/views/welcome.blade.php","18","Página Laravel inicial","--color-orange-50","oklch(.98 .016 73.684)","0"
"backend/resources/views/welcome.blade.php","18","Página Laravel inicial","--color-orange-100","oklch(.954 .038 75.164)","0"
"backend/resources/views/welcome.blade.php","18","Página Laravel inicial","--color-orange-200","oklch(.901 .076 70.697)","0"
"backend/resources/views/welcome.blade.php","18","Página Laravel inicial","--color-orange-300","oklch(.837 .128 66.29)","0"
"backend/resources/views/welcome.blade.php","18","Página Laravel inicial","--color-orange-400","oklch(.75 .183 55.934)","0"
"backend/resources/views/welcome.blade.php","18","Página Laravel inicial","--color-orange-500","oklch(.705 .213 47.604)","0"
"backend/resources/views/welcome.blade.php","18","Página Laravel inicial","--color-orange-600","oklch(.646 .222 41.116)","0"
"backend/resources/views/welcome.blade.php","18","Página Laravel inicial","--color-orange-700","oklch(.553 .195 38.402)","0"
"backend/resources/views/welcome.blade.php","18","Página Laravel inicial","--color-orange-800","oklch(.47 .157 37.304)","0"
"backend/resources/views/welcome.blade.php","18","Página Laravel inicial","--color-orange-900","oklch(.408 .123 38.172)","0"
"backend/resources/views/welcome.blade.php","18","Página Laravel inicial","--color-orange-950","oklch(.266 .079 36.259)","0"
"backend/resources/views/welcome.blade.php","18","Página Laravel inicial","--color-amber-50","oklch(.987 .022 95.277)","0"
"backend/resources/views/welcome.blade.php","18","Página Laravel inicial","--color-amber-100","oklch(.962 .059 95.617)","0"
"backend/resources/views/welcome.blade.php","18","Página Laravel inicial","--color-amber-200","oklch(.924 .12 95.746)","0"
"backend/resources/views/welcome.blade.php","18","Página Laravel inicial","--color-amber-300","oklch(.879 .169 91.605)","0"
"backend/resources/views/welcome.blade.php","18","Página Laravel inicial","--color-amber-400","oklch(.828 .189 84.429)","0"
"backend/resources/views/welcome.blade.php","18","Página Laravel inicial","--color-amber-500","oklch(.769 .188 70.08)","0"
"backend/resources/views/welcome.blade.php","18","Página Laravel inicial","--color-amber-600","oklch(.666 .179 58.318)","0"
"backend/resources/views/welcome.blade.php","18","Página Laravel inicial","--color-amber-700","oklch(.555 .163 48.998)","0"
"backend/resources/views/welcome.blade.php","18","Página Laravel inicial","--color-amber-800","oklch(.473 .137 46.201)","0"
"backend/resources/views/welcome.blade.php","18","Página Laravel inicial","--color-amber-900","oklch(.414 .112 45.904)","0"
"backend/resources/views/welcome.blade.php","18","Página Laravel inicial","--color-amber-950","oklch(.279 .077 45.635)","0"
"backend/resources/views/welcome.blade.php","18","Página Laravel inicial","--color-yellow-50","oklch(.987 .026 102.212)","0"
"backend/resources/views/welcome.blade.php","18","Página Laravel inicial","--color-yellow-100","oklch(.973 .071 103.193)","0"
"backend/resources/views/welcome.blade.php","18","Página Laravel inicial","--color-yellow-200","oklch(.945 .129 101.54)","0"
"backend/resources/views/welcome.blade.php","18","Página Laravel inicial","--color-yellow-300","oklch(.905 .182 98.111)","0"
"backend/resources/views/welcome.blade.php","18","Página Laravel inicial","--color-yellow-400","oklch(.852 .199 91.936)","0"
"backend/resources/views/welcome.blade.php","18","Página Laravel inicial","--color-yellow-500","oklch(.795 .184 86.047)","0"
"backend/resources/views/welcome.blade.php","18","Página Laravel inicial","--color-yellow-600","oklch(.681 .162 75.834)","0"
"backend/resources/views/welcome.blade.php","18","Página Laravel inicial","--color-yellow-700","oklch(.554 .135 66.442)","0"
"backend/resources/views/welcome.blade.php","18","Página Laravel inicial","--color-yellow-800","oklch(.476 .114 61.907)","0"
"backend/resources/views/welcome.blade.php","18","Página Laravel inicial","--color-yellow-900","oklch(.421 .095 57.708)","0"
"backend/resources/views/welcome.blade.php","18","Página Laravel inicial","--color-yellow-950","oklch(.286 .066 53.813)","0"
"backend/resources/views/welcome.blade.php","18","Página Laravel inicial","--color-lime-50","oklch(.986 .031 120.757)","0"
"backend/resources/views/welcome.blade.php","18","Página Laravel inicial","--color-lime-100","oklch(.967 .067 122.328)","0"
"backend/resources/views/welcome.blade.php","18","Página Laravel inicial","--color-lime-200","oklch(.938 .127 124.321)","0"
"backend/resources/views/welcome.blade.php","18","Página Laravel inicial","--color-lime-300","oklch(.897 .196 126.665)","0"
"backend/resources/views/welcome.blade.php","18","Página Laravel inicial","--color-lime-400","oklch(.841 .238 128.85)","0"
"backend/resources/views/welcome.blade.php","18","Página Laravel inicial","--color-lime-500","oklch(.768 .233 130.85)","0"
"backend/resources/views/welcome.blade.php","18","Página Laravel inicial","--color-lime-600","oklch(.648 .2 131.684)","0"
"backend/resources/views/welcome.blade.php","18","Página Laravel inicial","--color-lime-700","oklch(.532 .157 131.589)","0"
"backend/resources/views/welcome.blade.php","18","Página Laravel inicial","--color-lime-800","oklch(.453 .124 130.933)","0"
"backend/resources/views/welcome.blade.php","18","Página Laravel inicial","--color-lime-900","oklch(.405 .101 131.063)","0"
"backend/resources/views/welcome.blade.php","18","Página Laravel inicial","--color-lime-950","oklch(.274 .072 132.109)","0"
"backend/resources/views/welcome.blade.php","18","Página Laravel inicial","--color-green-50","oklch(.982 .018 155.826)","0"
"backend/resources/views/welcome.blade.php","18","Página Laravel inicial","--color-green-100","oklch(.962 .044 156.743)","0"
"backend/resources/views/welcome.blade.php","18","Página Laravel inicial","--color-green-200","oklch(.925 .084 155.995)","0"
"backend/resources/views/welcome.blade.php","18","Página Laravel inicial","--color-green-300","oklch(.871 .15 154.449)","0"
"backend/resources/views/welcome.blade.php","18","Página Laravel inicial","--color-green-400","oklch(.792 .209 151.711)","0"
"backend/resources/views/welcome.blade.php","18","Página Laravel inicial","--color-green-500","oklch(.723 .219 149.579)","0"
"backend/resources/views/welcome.blade.php","18","Página Laravel inicial","--color-green-600","oklch(.627 .194 149.214)","0"
"backend/resources/views/welcome.blade.php","18","Página Laravel inicial","--color-green-700","oklch(.527 .154 150.069)","0"
"backend/resources/views/welcome.blade.php","18","Página Laravel inicial","--color-green-800","oklch(.448 .119 151.328)","0"
"backend/resources/views/welcome.blade.php","18","Página Laravel inicial","--color-green-900","oklch(.393 .095 152.535)","0"
"backend/resources/views/welcome.blade.php","18","Página Laravel inicial","--color-green-950","oklch(.266 .065 152.934)","0"
"backend/resources/views/welcome.blade.php","18","Página Laravel inicial","--color-emerald-50","oklch(.979 .021 166.113)","0"
"backend/resources/views/welcome.blade.php","18","Página Laravel inicial","--color-emerald-100","oklch(.95 .052 163.051)","0"
"backend/resources/views/welcome.blade.php","18","Página Laravel inicial","--color-emerald-200","oklch(.905 .093 164.15)","0"
"backend/resources/views/welcome.blade.php","18","Página Laravel inicial","--color-emerald-300","oklch(.845 .143 164.978)","0"
"backend/resources/views/welcome.blade.php","18","Página Laravel inicial","--color-emerald-400","oklch(.765 .177 163.223)","0"
"backend/resources/views/welcome.blade.php","18","Página Laravel inicial","--color-emerald-500","oklch(.696 .17 162.48)","0"
"backend/resources/views/welcome.blade.php","18","Página Laravel inicial","--color-emerald-600","oklch(.596 .145 163.225)","0"
"backend/resources/views/welcome.blade.php","18","Página Laravel inicial","--color-emerald-700","oklch(.508 .118 165.612)","0"
"backend/resources/views/welcome.blade.php","18","Página Laravel inicial","--color-emerald-800","oklch(.432 .095 166.913)","0"
"backend/resources/views/welcome.blade.php","18","Página Laravel inicial","--color-emerald-900","oklch(.378 .077 168.94)","0"
"backend/resources/views/welcome.blade.php","18","Página Laravel inicial","--color-emerald-950","oklch(.262 .051 172.552)","0"
"backend/resources/views/welcome.blade.php","18","Página Laravel inicial","--color-teal-50","oklch(.984 .014 180.72)","0"
"backend/resources/views/welcome.blade.php","18","Página Laravel inicial","--color-teal-100","oklch(.953 .051 180.801)","0"
"backend/resources/views/welcome.blade.php","18","Página Laravel inicial","--color-teal-200","oklch(.91 .096 180.426)","0"
"backend/resources/views/welcome.blade.php","18","Página Laravel inicial","--color-teal-300","oklch(.855 .138 181.071)","0"
"backend/resources/views/welcome.blade.php","18","Página Laravel inicial","--color-teal-400","oklch(.777 .152 181.912)","0"
"backend/resources/views/welcome.blade.php","18","Página Laravel inicial","--color-teal-500","oklch(.704 .14 182.503)","0"
"backend/resources/views/welcome.blade.php","18","Página Laravel inicial","--color-teal-600","oklch(.6 .118 184.704)","0"
"backend/resources/views/welcome.blade.php","18","Página Laravel inicial","--color-teal-700","oklch(.511 .096 186.391)","0"
"backend/resources/views/welcome.blade.php","18","Página Laravel inicial","--color-teal-800","oklch(.437 .078 188.216)","0"
"backend/resources/views/welcome.blade.php","18","Página Laravel inicial","--color-teal-900","oklch(.386 .063 188.416)","0"
"backend/resources/views/welcome.blade.php","18","Página Laravel inicial","--color-teal-950","oklch(.277 .046 192.524)","0"
"backend/resources/views/welcome.blade.php","18","Página Laravel inicial","--color-cyan-50","oklch(.984 .019 200.873)","0"
"backend/resources/views/welcome.blade.php","18","Página Laravel inicial","--color-cyan-100","oklch(.956 .045 203.388)","0"
"backend/resources/views/welcome.blade.php","18","Página Laravel inicial","--color-cyan-200","oklch(.917 .08 205.041)","0"
"backend/resources/views/welcome.blade.php","18","Página Laravel inicial","--color-cyan-300","oklch(.865 .127 207.078)","0"
"backend/resources/views/welcome.blade.php","18","Página Laravel inicial","--color-cyan-400","oklch(.789 .154 211.53)","0"
"backend/resources/views/welcome.blade.php","18","Página Laravel inicial","--color-cyan-500","oklch(.715 .143 215.221)","0"
"backend/resources/views/welcome.blade.php","18","Página Laravel inicial","--color-cyan-600","oklch(.609 .126 221.723)","0"
"backend/resources/views/welcome.blade.php","18","Página Laravel inicial","--color-cyan-700","oklch(.52 .105 223.128)","0"
"backend/resources/views/welcome.blade.php","18","Página Laravel inicial","--color-cyan-800","oklch(.45 .085 224.283)","0"
"backend/resources/views/welcome.blade.php","18","Página Laravel inicial","--color-cyan-900","oklch(.398 .07 227.392)","0"
"backend/resources/views/welcome.blade.php","18","Página Laravel inicial","--color-cyan-950","oklch(.302 .056 229.695)","0"
"backend/resources/views/welcome.blade.php","18","Página Laravel inicial","--color-sky-50","oklch(.977 .013 236.62)","0"
"backend/resources/views/welcome.blade.php","18","Página Laravel inicial","--color-sky-100","oklch(.951 .026 236.824)","0"
"backend/resources/views/welcome.blade.php","18","Página Laravel inicial","--color-sky-200","oklch(.901 .058 230.902)","0"
"backend/resources/views/welcome.blade.php","18","Página Laravel inicial","--color-sky-300","oklch(.828 .111 230.318)","0"
"backend/resources/views/welcome.blade.php","18","Página Laravel inicial","--color-sky-400","oklch(.746 .16 232.661)","0"
"backend/resources/views/welcome.blade.php","18","Página Laravel inicial","--color-sky-500","oklch(.685 .169 237.323)","0"
"backend/resources/views/welcome.blade.php","18","Página Laravel inicial","--color-sky-600","oklch(.588 .158 241.966)","0"
"backend/resources/views/welcome.blade.php","18","Página Laravel inicial","--color-sky-700","oklch(.5 .134 242.749)","0"
"backend/resources/views/welcome.blade.php","18","Página Laravel inicial","--color-sky-800","oklch(.443 .11 240.79)","0"
"backend/resources/views/welcome.blade.php","18","Página Laravel inicial","--color-sky-900","oklch(.391 .09 240.876)","0"
"backend/resources/views/welcome.blade.php","18","Página Laravel inicial","--color-sky-950","oklch(.293 .066 243.157)","0"
"backend/resources/views/welcome.blade.php","18","Página Laravel inicial","--color-blue-50","oklch(.97 .014 254.604)","0"
"backend/resources/views/welcome.blade.php","18","Página Laravel inicial","--color-blue-100","oklch(.932 .032 255.585)","0"
"backend/resources/views/welcome.blade.php","18","Página Laravel inicial","--color-blue-200","oklch(.882 .059 254.128)","0"
"backend/resources/views/welcome.blade.php","18","Página Laravel inicial","--color-blue-300","oklch(.809 .105 251.813)","0"
"backend/resources/views/welcome.blade.php","18","Página Laravel inicial","--color-blue-400","oklch(.707 .165 254.624)","0"
"backend/resources/views/welcome.blade.php","18","Página Laravel inicial","--color-blue-500","oklch(.623 .214 259.815)","0"
"backend/resources/views/welcome.blade.php","18","Página Laravel inicial","--color-blue-600","oklch(.546 .245 262.881)","0"
"backend/resources/views/welcome.blade.php","18","Página Laravel inicial","--color-blue-700","oklch(.488 .243 264.376)","0"
"backend/resources/views/welcome.blade.php","18","Página Laravel inicial","--color-blue-800","oklch(.424 .199 265.638)","0"
"backend/resources/views/welcome.blade.php","18","Página Laravel inicial","--color-blue-900","oklch(.379 .146 265.522)","0"
"backend/resources/views/welcome.blade.php","18","Página Laravel inicial","--color-blue-950","oklch(.282 .091 267.935)","0"
"backend/resources/views/welcome.blade.php","18","Página Laravel inicial","--color-indigo-50","oklch(.962 .018 272.314)","0"
"backend/resources/views/welcome.blade.php","18","Página Laravel inicial","--color-indigo-100","oklch(.93 .034 272.788)","0"
"backend/resources/views/welcome.blade.php","18","Página Laravel inicial","--color-indigo-200","oklch(.87 .065 274.039)","0"
"backend/resources/views/welcome.blade.php","18","Página Laravel inicial","--color-indigo-300","oklch(.785 .115 274.713)","0"
"backend/resources/views/welcome.blade.php","18","Página Laravel inicial","--color-indigo-400","oklch(.673 .182 276.935)","0"
"backend/resources/views/welcome.blade.php","18","Página Laravel inicial","--color-indigo-500","oklch(.585 .233 277.117)","0"
"backend/resources/views/welcome.blade.php","18","Página Laravel inicial","--color-indigo-600","oklch(.511 .262 276.966)","0"
"backend/resources/views/welcome.blade.php","18","Página Laravel inicial","--color-indigo-700","oklch(.457 .24 277.023)","0"
"backend/resources/views/welcome.blade.php","18","Página Laravel inicial","--color-indigo-800","oklch(.398 .195 277.366)","0"
"backend/resources/views/welcome.blade.php","18","Página Laravel inicial","--color-indigo-900","oklch(.359 .144 278.697)","0"
"backend/resources/views/welcome.blade.php","18","Página Laravel inicial","--color-indigo-950","oklch(.257 .09 281.288)","0"
"backend/resources/views/welcome.blade.php","18","Página Laravel inicial","--color-violet-50","oklch(.969 .016 293.756)","0"
"backend/resources/views/welcome.blade.php","18","Página Laravel inicial","--color-violet-100","oklch(.943 .029 294.588)","0"
"backend/resources/views/welcome.blade.php","18","Página Laravel inicial","--color-violet-200","oklch(.894 .057 293.283)","0"
"backend/resources/views/welcome.blade.php","18","Página Laravel inicial","--color-violet-300","oklch(.811 .111 293.571)","0"
"backend/resources/views/welcome.blade.php","18","Página Laravel inicial","--color-violet-400","oklch(.702 .183 293.541)","0"
"backend/resources/views/welcome.blade.php","18","Página Laravel inicial","--color-violet-500","oklch(.606 .25 292.717)","0"
"backend/resources/views/welcome.blade.php","18","Página Laravel inicial","--color-violet-600","oklch(.541 .281 293.009)","0"
"backend/resources/views/welcome.blade.php","18","Página Laravel inicial","--color-violet-700","oklch(.491 .27 292.581)","0"
"backend/resources/views/welcome.blade.php","18","Página Laravel inicial","--color-violet-800","oklch(.432 .232 292.759)","0"
"backend/resources/views/welcome.blade.php","18","Página Laravel inicial","--color-violet-900","oklch(.38 .189 293.745)","0"
"backend/resources/views/welcome.blade.php","18","Página Laravel inicial","--color-violet-950","oklch(.283 .141 291.089)","0"
"backend/resources/views/welcome.blade.php","18","Página Laravel inicial","--color-purple-50","oklch(.977 .014 308.299)","0"
"backend/resources/views/welcome.blade.php","18","Página Laravel inicial","--color-purple-100","oklch(.946 .033 307.174)","0"
"backend/resources/views/welcome.blade.php","18","Página Laravel inicial","--color-purple-200","oklch(.902 .063 306.703)","0"
"backend/resources/views/welcome.blade.php","18","Página Laravel inicial","--color-purple-300","oklch(.827 .119 306.383)","0"
"backend/resources/views/welcome.blade.php","18","Página Laravel inicial","--color-purple-400","oklch(.714 .203 305.504)","0"
"backend/resources/views/welcome.blade.php","18","Página Laravel inicial","--color-purple-500","oklch(.627 .265 303.9)","0"
"backend/resources/views/welcome.blade.php","18","Página Laravel inicial","--color-purple-600","oklch(.558 .288 302.321)","0"
"backend/resources/views/welcome.blade.php","18","Página Laravel inicial","--color-purple-700","oklch(.496 .265 301.924)","0"
"backend/resources/views/welcome.blade.php","18","Página Laravel inicial","--color-purple-800","oklch(.438 .218 303.724)","0"
"backend/resources/views/welcome.blade.php","18","Página Laravel inicial","--color-purple-900","oklch(.381 .176 304.987)","0"
"backend/resources/views/welcome.blade.php","18","Página Laravel inicial","--color-purple-950","oklch(.291 .149 302.717)","0"
"backend/resources/views/welcome.blade.php","18","Página Laravel inicial","--color-fuchsia-50","oklch(.977 .017 320.058)","0"
"backend/resources/views/welcome.blade.php","18","Página Laravel inicial","--color-fuchsia-100","oklch(.952 .037 318.852)","0"
"backend/resources/views/welcome.blade.php","18","Página Laravel inicial","--color-fuchsia-200","oklch(.903 .076 319.62)","0"
"backend/resources/views/welcome.blade.php","18","Página Laravel inicial","--color-fuchsia-300","oklch(.833 .145 321.434)","0"
"backend/resources/views/welcome.blade.php","18","Página Laravel inicial","--color-fuchsia-400","oklch(.74 .238 322.16)","0"
"backend/resources/views/welcome.blade.php","18","Página Laravel inicial","--color-fuchsia-500","oklch(.667 .295 322.15)","0"
"backend/resources/views/welcome.blade.php","18","Página Laravel inicial","--color-fuchsia-600","oklch(.591 .293 322.896)","0"
"backend/resources/views/welcome.blade.php","18","Página Laravel inicial","--color-fuchsia-700","oklch(.518 .253 323.949)","0"
"backend/resources/views/welcome.blade.php","18","Página Laravel inicial","--color-fuchsia-800","oklch(.452 .211 324.591)","0"
"backend/resources/views/welcome.blade.php","18","Página Laravel inicial","--color-fuchsia-900","oklch(.401 .17 325.612)","0"
"backend/resources/views/welcome.blade.php","18","Página Laravel inicial","--color-fuchsia-950","oklch(.293 .136 325.661)","0"
"backend/resources/views/welcome.blade.php","18","Página Laravel inicial","--color-pink-50","oklch(.971 .014 343.198)","0"
"backend/resources/views/welcome.blade.php","18","Página Laravel inicial","--color-pink-100","oklch(.948 .028 342.258)","0"
"backend/resources/views/welcome.blade.php","18","Página Laravel inicial","--color-pink-200","oklch(.899 .061 343.231)","0"
"backend/resources/views/welcome.blade.php","18","Página Laravel inicial","--color-pink-300","oklch(.823 .12 346.018)","0"
"backend/resources/views/welcome.blade.php","18","Página Laravel inicial","--color-pink-400","oklch(.718 .202 349.761)","0"
"backend/resources/views/welcome.blade.php","18","Página Laravel inicial","--color-pink-500","oklch(.656 .241 354.308)","0"
"backend/resources/views/welcome.blade.php","18","Página Laravel inicial","--color-pink-600","oklch(.592 .249 .584)","0"
"backend/resources/views/welcome.blade.php","18","Página Laravel inicial","--color-pink-700","oklch(.525 .223 3.958)","0"
"backend/resources/views/welcome.blade.php","18","Página Laravel inicial","--color-pink-800","oklch(.459 .187 3.815)","0"
"backend/resources/views/welcome.blade.php","18","Página Laravel inicial","--color-pink-900","oklch(.408 .153 2.432)","0"
"backend/resources/views/welcome.blade.php","18","Página Laravel inicial","--color-pink-950","oklch(.284 .109 3.907)","0"
"backend/resources/views/welcome.blade.php","18","Página Laravel inicial","--color-rose-50","oklch(.969 .015 12.422)","0"
"backend/resources/views/welcome.blade.php","18","Página Laravel inicial","--color-rose-100","oklch(.941 .03 12.58)","0"
"backend/resources/views/welcome.blade.php","18","Página Laravel inicial","--color-rose-200","oklch(.892 .058 10.001)","0"
"backend/resources/views/welcome.blade.php","18","Página Laravel inicial","--color-rose-300","oklch(.81 .117 11.638)","0"
"backend/resources/views/welcome.blade.php","18","Página Laravel inicial","--color-rose-400","oklch(.712 .194 13.428)","0"
"backend/resources/views/welcome.blade.php","18","Página Laravel inicial","--color-rose-500","oklch(.645 .246 16.439)","0"
"backend/resources/views/welcome.blade.php","18","Página Laravel inicial","--color-rose-600","oklch(.586 .253 17.585)","0"
"backend/resources/views/welcome.blade.php","18","Página Laravel inicial","--color-rose-700","oklch(.514 .222 16.935)","0"
"backend/resources/views/welcome.blade.php","18","Página Laravel inicial","--color-rose-800","oklch(.455 .188 13.697)","0"
"backend/resources/views/welcome.blade.php","18","Página Laravel inicial","--color-rose-900","oklch(.41 .159 10.272)","0"
"backend/resources/views/welcome.blade.php","18","Página Laravel inicial","--color-rose-950","oklch(.271 .105 12.094)","0"
"backend/resources/views/welcome.blade.php","18","Página Laravel inicial","--color-slate-50","oklch(.984 .003 247.858)","0"
"backend/resources/views/welcome.blade.php","18","Página Laravel inicial","--color-slate-100","oklch(.968 .007 247.896)","0"
"backend/resources/views/welcome.blade.php","18","Página Laravel inicial","--color-slate-200","oklch(.929 .013 255.508)","0"
"backend/resources/views/welcome.blade.php","18","Página Laravel inicial","--color-slate-300","oklch(.869 .022 252.894)","0"
"backend/resources/views/welcome.blade.php","18","Página Laravel inicial","--color-slate-400","oklch(.704 .04 256.788)","0"
"backend/resources/views/welcome.blade.php","18","Página Laravel inicial","--color-slate-500","oklch(.554 .046 257.417)","0"
"backend/resources/views/welcome.blade.php","18","Página Laravel inicial","--color-slate-600","oklch(.446 .043 257.281)","0"
"backend/resources/views/welcome.blade.php","18","Página Laravel inicial","--color-slate-700","oklch(.372 .044 257.287)","0"
"backend/resources/views/welcome.blade.php","18","Página Laravel inicial","--color-slate-800","oklch(.279 .041 260.031)","0"
"backend/resources/views/welcome.blade.php","18","Página Laravel inicial","--color-slate-900","oklch(.208 .042 265.755)","0"
"backend/resources/views/welcome.blade.php","18","Página Laravel inicial","--color-slate-950","oklch(.129 .042 264.695)","0"
"backend/resources/views/welcome.blade.php","18","Página Laravel inicial","--color-gray-50","oklch(.985 .002 247.839)","0"
"backend/resources/views/welcome.blade.php","18","Página Laravel inicial","--color-gray-100","oklch(.967 .003 264.542)","0"
"backend/resources/views/welcome.blade.php","18","Página Laravel inicial","--color-gray-200","oklch(.928 .006 264.531)","0"
"backend/resources/views/welcome.blade.php","18","Página Laravel inicial","--color-gray-300","oklch(.872 .01 258.338)","0"
"backend/resources/views/welcome.blade.php","18","Página Laravel inicial","--color-gray-400","oklch(.707 .022 261.325)","0"
"backend/resources/views/welcome.blade.php","18","Página Laravel inicial","--color-gray-500","oklch(.551 .027 264.364)","0"
"backend/resources/views/welcome.blade.php","18","Página Laravel inicial","--color-gray-600","oklch(.446 .03 256.802)","0"
"backend/resources/views/welcome.blade.php","18","Página Laravel inicial","--color-gray-700","oklch(.373 .034 259.733)","0"
"backend/resources/views/welcome.blade.php","18","Página Laravel inicial","--color-gray-800","oklch(.278 .033 256.848)","0"
"backend/resources/views/welcome.blade.php","18","Página Laravel inicial","--color-gray-900","oklch(.21 .034 264.665)","0"
"backend/resources/views/welcome.blade.php","18","Página Laravel inicial","--color-gray-950","oklch(.13 .028 261.692)","0"
"backend/resources/views/welcome.blade.php","18","Página Laravel inicial","--color-zinc-50","oklch(.985 0 0)","0"
"backend/resources/views/welcome.blade.php","18","Página Laravel inicial","--color-zinc-100","oklch(.967 .001 286.375)","0"
"backend/resources/views/welcome.blade.php","18","Página Laravel inicial","--color-zinc-200","oklch(.92 .004 286.32)","0"
"backend/resources/views/welcome.blade.php","18","Página Laravel inicial","--color-zinc-300","oklch(.871 .006 286.286)","0"
"backend/resources/views/welcome.blade.php","18","Página Laravel inicial","--color-zinc-400","oklch(.705 .015 286.067)","0"
"backend/resources/views/welcome.blade.php","18","Página Laravel inicial","--color-zinc-500","oklch(.552 .016 285.938)","0"
"backend/resources/views/welcome.blade.php","18","Página Laravel inicial","--color-zinc-600","oklch(.442 .017 285.786)","0"
"backend/resources/views/welcome.blade.php","18","Página Laravel inicial","--color-zinc-700","oklch(.37 .013 285.805)","0"
"backend/resources/views/welcome.blade.php","18","Página Laravel inicial","--color-zinc-800","oklch(.274 .006 286.033)","0"
"backend/resources/views/welcome.blade.php","18","Página Laravel inicial","--color-zinc-900","oklch(.21 .006 285.885)","0"
"backend/resources/views/welcome.blade.php","18","Página Laravel inicial","--color-zinc-950","oklch(.141 .005 285.823)","0"
"backend/resources/views/welcome.blade.php","18","Página Laravel inicial","--color-neutral-50","oklch(.985 0 0)","0"
"backend/resources/views/welcome.blade.php","18","Página Laravel inicial","--color-neutral-100","oklch(.97 0 0)","0"
"backend/resources/views/welcome.blade.php","18","Página Laravel inicial","--color-neutral-200","oklch(.922 0 0)","0"
"backend/resources/views/welcome.blade.php","18","Página Laravel inicial","--color-neutral-300","oklch(.87 0 0)","0"
"backend/resources/views/welcome.blade.php","18","Página Laravel inicial","--color-neutral-400","oklch(.708 0 0)","0"
"backend/resources/views/welcome.blade.php","18","Página Laravel inicial","--color-neutral-500","oklch(.556 0 0)","0"
"backend/resources/views/welcome.blade.php","18","Página Laravel inicial","--color-neutral-600","oklch(.439 0 0)","0"
"backend/resources/views/welcome.blade.php","18","Página Laravel inicial","--color-neutral-700","oklch(.371 0 0)","0"
"backend/resources/views/welcome.blade.php","18","Página Laravel inicial","--color-neutral-800","oklch(.269 0 0)","0"
"backend/resources/views/welcome.blade.php","18","Página Laravel inicial","--color-neutral-900","oklch(.205 0 0)","0"
"backend/resources/views/welcome.blade.php","18","Página Laravel inicial","--color-neutral-950","oklch(.145 0 0)","0"
"backend/resources/views/welcome.blade.php","18","Página Laravel inicial","--color-stone-50","oklch(.985 .001 106.423)","0"
"backend/resources/views/welcome.blade.php","18","Página Laravel inicial","--color-stone-100","oklch(.97 .001 106.424)","0"
"backend/resources/views/welcome.blade.php","18","Página Laravel inicial","--color-stone-200","oklch(.923 .003 48.717)","0"
"backend/resources/views/welcome.blade.php","18","Página Laravel inicial","--color-stone-300","oklch(.869 .005 56.366)","0"
"backend/resources/views/welcome.blade.php","18","Página Laravel inicial","--color-stone-400","oklch(.709 .01 56.259)","0"
"backend/resources/views/welcome.blade.php","18","Página Laravel inicial","--color-stone-500","oklch(.553 .013 58.071)","0"
"backend/resources/views/welcome.blade.php","18","Página Laravel inicial","--color-stone-600","oklch(.444 .011 73.639)","0"
"backend/resources/views/welcome.blade.php","18","Página Laravel inicial","--color-stone-700","oklch(.374 .01 67.558)","0"
"backend/resources/views/welcome.blade.php","18","Página Laravel inicial","--color-stone-800","oklch(.268 .007 34.298)","0"
"backend/resources/views/welcome.blade.php","18","Página Laravel inicial","--color-stone-900","oklch(.216 .006 56.043)","0"
"backend/resources/views/welcome.blade.php","18","Página Laravel inicial","--color-stone-950","oklch(.147 .004 49.25)","0"
"backend/resources/views/welcome.blade.php","18","Página Laravel inicial","--color-black","#000","3"
"backend/resources/views/welcome.blade.php","18","Página Laravel inicial","--color-white","#fff","4"
"backend/resources/views/welcome.blade.php","18","Página Laravel inicial","--spacing",".25rem","40"
"backend/resources/views/welcome.blade.php","18","Página Laravel inicial","--breakpoint-sm","40rem","0"
"backend/resources/views/welcome.blade.php","18","Página Laravel inicial","--breakpoint-md","48rem","0"
"backend/resources/views/welcome.blade.php","18","Página Laravel inicial","--breakpoint-lg","64rem","0"
"backend/resources/views/welcome.blade.php","18","Página Laravel inicial","--breakpoint-xl","80rem","0"
"backend/resources/views/welcome.blade.php","18","Página Laravel inicial","--breakpoint-2xl","96rem","0"
"backend/resources/views/welcome.blade.php","18","Página Laravel inicial","--container-3xs","16rem","0"
"backend/resources/views/welcome.blade.php","18","Página Laravel inicial","--container-2xs","18rem","0"
"backend/resources/views/welcome.blade.php","18","Página Laravel inicial","--container-xs","20rem","0"
"backend/resources/views/welcome.blade.php","18","Página Laravel inicial","--container-sm","24rem","0"
"backend/resources/views/welcome.blade.php","18","Página Laravel inicial","--container-md","28rem","0"
"backend/resources/views/welcome.blade.php","18","Página Laravel inicial","--container-lg","32rem","0"
"backend/resources/views/welcome.blade.php","18","Página Laravel inicial","--container-xl","36rem","0"
"backend/resources/views/welcome.blade.php","18","Página Laravel inicial","--container-2xl","42rem","0"
"backend/resources/views/welcome.blade.php","18","Página Laravel inicial","--container-3xl","48rem","0"
"backend/resources/views/welcome.blade.php","18","Página Laravel inicial","--container-4xl","56rem","1"
"backend/resources/views/welcome.blade.php","18","Página Laravel inicial","--container-5xl","64rem","0"
"backend/resources/views/welcome.blade.php","18","Página Laravel inicial","--container-6xl","72rem","0"
"backend/resources/views/welcome.blade.php","18","Página Laravel inicial","--container-7xl","80rem","0"
"backend/resources/views/welcome.blade.php","18","Página Laravel inicial","--text-xs",".75rem","0"
"backend/resources/views/welcome.blade.php","18","Página Laravel inicial","--text-xs--line-height","calc(1/.75)","0"
"backend/resources/views/welcome.blade.php","18","Página Laravel inicial","--text-sm",".875rem","1"
"backend/resources/views/welcome.blade.php","18","Página Laravel inicial","--text-sm--line-height","calc(1.25/.875)","0"
"backend/resources/views/welcome.blade.php","18","Página Laravel inicial","--text-base","1rem","0"
"backend/resources/views/welcome.blade.php","18","Página Laravel inicial","--text-base--line-height","1.5","0"
"backend/resources/views/welcome.blade.php","18","Página Laravel inicial","--text-lg","1.125rem","0"
"backend/resources/views/welcome.blade.php","18","Página Laravel inicial","--text-lg--line-height","calc(1.75/1.125)","0"
"backend/resources/views/welcome.blade.php","18","Página Laravel inicial","--text-xl","1.25rem","0"
"backend/resources/views/welcome.blade.php","18","Página Laravel inicial","--text-xl--line-height","calc(1.75/1.25)","0"
"backend/resources/views/welcome.blade.php","18","Página Laravel inicial","--text-2xl","1.5rem","0"
"backend/resources/views/welcome.blade.php","18","Página Laravel inicial","--text-2xl--line-height","calc(2/1.5)","0"
"backend/resources/views/welcome.blade.php","18","Página Laravel inicial","--text-3xl","1.875rem","0"
"backend/resources/views/welcome.blade.php","18","Página Laravel inicial","--text-3xl--line-height","1.2","0"
"backend/resources/views/welcome.blade.php","18","Página Laravel inicial","--text-4xl","2.25rem","0"
"backend/resources/views/welcome.blade.php","18","Página Laravel inicial","--text-4xl--line-height","calc(2.5/2.25)","0"
"backend/resources/views/welcome.blade.php","18","Página Laravel inicial","--text-5xl","3rem","0"
"backend/resources/views/welcome.blade.php","18","Página Laravel inicial","--text-5xl--line-height","1","0"
"backend/resources/views/welcome.blade.php","18","Página Laravel inicial","--text-6xl","3.75rem","0"
"backend/resources/views/welcome.blade.php","18","Página Laravel inicial","--text-6xl--line-height","1","0"
"backend/resources/views/welcome.blade.php","18","Página Laravel inicial","--text-7xl","4.5rem","0"
"backend/resources/views/welcome.blade.php","18","Página Laravel inicial","--text-7xl--line-height","1","0"
"backend/resources/views/welcome.blade.php","18","Página Laravel inicial","--text-8xl","6rem","0"
"backend/resources/views/welcome.blade.php","18","Página Laravel inicial","--text-8xl--line-height","1","0"
"backend/resources/views/welcome.blade.php","18","Página Laravel inicial","--text-9xl","8rem","0"
"backend/resources/views/welcome.blade.php","18","Página Laravel inicial","--text-9xl--line-height","1","0"
"backend/resources/views/welcome.blade.php","18","Página Laravel inicial","--font-weight-thin","100","0"
"backend/resources/views/welcome.blade.php","18","Página Laravel inicial","--font-weight-extralight","200","0"
"backend/resources/views/welcome.blade.php","18","Página Laravel inicial","--font-weight-light","300","0"
"backend/resources/views/welcome.blade.php","18","Página Laravel inicial","--font-weight-normal","400","0"
"backend/resources/views/welcome.blade.php","18","Página Laravel inicial","--font-weight-medium","500","2"
"backend/resources/views/welcome.blade.php","18","Página Laravel inicial","--font-weight-semibold","600","0"
"backend/resources/views/welcome.blade.php","18","Página Laravel inicial","--font-weight-bold","700","0"
"backend/resources/views/welcome.blade.php","18","Página Laravel inicial","--font-weight-extrabold","800","0"
"backend/resources/views/welcome.blade.php","18","Página Laravel inicial","--font-weight-black","900","0"
"backend/resources/views/welcome.blade.php","18","Página Laravel inicial","--tracking-tighter","-.05em","0"
"backend/resources/views/welcome.blade.php","18","Página Laravel inicial","--tracking-tight","-.025em","0"
"backend/resources/views/welcome.blade.php","18","Página Laravel inicial","--tracking-normal","0em","0"
"backend/resources/views/welcome.blade.php","18","Página Laravel inicial","--tracking-wide",".025em","0"
"backend/resources/views/welcome.blade.php","18","Página Laravel inicial","--tracking-wider",".05em","0"
"backend/resources/views/welcome.blade.php","18","Página Laravel inicial","--tracking-widest",".1em","0"
"backend/resources/views/welcome.blade.php","18","Página Laravel inicial","--leading-tight","1.25","0"
"backend/resources/views/welcome.blade.php","18","Página Laravel inicial","--leading-snug","1.375","0"
"backend/resources/views/welcome.blade.php","18","Página Laravel inicial","--leading-normal","1.5","2"
"backend/resources/views/welcome.blade.php","18","Página Laravel inicial","--leading-relaxed","1.625","0"
"backend/resources/views/welcome.blade.php","18","Página Laravel inicial","--leading-loose","2","0"
"backend/resources/views/welcome.blade.php","18","Página Laravel inicial","--radius-xs",".125rem","0"
"backend/resources/views/welcome.blade.php","18","Página Laravel inicial","--radius-sm",".25rem","1"
"backend/resources/views/welcome.blade.php","18","Página Laravel inicial","--radius-md",".375rem","0"
"backend/resources/views/welcome.blade.php","18","Página Laravel inicial","--radius-lg",".5rem","7"
"backend/resources/views/welcome.blade.php","18","Página Laravel inicial","--radius-xl",".75rem","0"
"backend/resources/views/welcome.blade.php","18","Página Laravel inicial","--radius-2xl","1rem","0"
"backend/resources/views/welcome.blade.php","18","Página Laravel inicial","--radius-3xl","1.5rem","0"
"backend/resources/views/welcome.blade.php","18","Página Laravel inicial","--radius-4xl","2rem","0"
"backend/resources/views/welcome.blade.php","18","Página Laravel inicial","--shadow-2xs","0 1px #0000000d","0"
"backend/resources/views/welcome.blade.php","18","Página Laravel inicial","--shadow-xs","0 1px 2px 0 #0000000d","0"
"backend/resources/views/welcome.blade.php","18","Página Laravel inicial","--shadow-sm","0 1px 3px 0 #0000001a,0 1px 2px -1px #0000001a","0"
"backend/resources/views/welcome.blade.php","18","Página Laravel inicial","--shadow-md","0 4px 6px -1px #0000001a,0 2px 4px -2px #0000001a","0"
"backend/resources/views/welcome.blade.php","18","Página Laravel inicial","--shadow-lg","0 10px 15px -3px #0000001a,0 4px 6px -4px #0000001a","0"
"backend/resources/views/welcome.blade.php","18","Página Laravel inicial","--shadow-xl","0 20px 25px -5px #0000001a,0 8px 10px -6px #0000001a","0"
"backend/resources/views/welcome.blade.php","18","Página Laravel inicial","--shadow-2xl","0 25px 50px -12px #00000040","0"
"backend/resources/views/welcome.blade.php","18","Página Laravel inicial","--inset-shadow-2xs","inset 0 1px #0000000d","0"
"backend/resources/views/welcome.blade.php","18","Página Laravel inicial","--inset-shadow-xs","inset 0 1px 1px #0000000d","0"
"backend/resources/views/welcome.blade.php","18","Página Laravel inicial","--inset-shadow-sm","inset 0 2px 4px #0000000d","0"
"backend/resources/views/welcome.blade.php","18","Página Laravel inicial","--drop-shadow-xs","0 1px 1px #0000000d","0"
"backend/resources/views/welcome.blade.php","18","Página Laravel inicial","--drop-shadow-sm","0 1px 2px #00000026","0"
"backend/resources/views/welcome.blade.php","18","Página Laravel inicial","--drop-shadow-md","0 3px 3px #0000001f","0"
"backend/resources/views/welcome.blade.php","18","Página Laravel inicial","--drop-shadow-lg","0 4px 4px #00000026","0"
"backend/resources/views/welcome.blade.php","18","Página Laravel inicial","--drop-shadow-xl","0 9px 7px #0000001a","0"
"backend/resources/views/welcome.blade.php","18","Página Laravel inicial","--drop-shadow-2xl","0 25px 25px #00000026","0"
"backend/resources/views/welcome.blade.php","18","Página Laravel inicial","--ease-in","cubic-bezier(.4,0,1,1)","0"
"backend/resources/views/welcome.blade.php","18","Página Laravel inicial","--ease-out","cubic-bezier(0,0,.2,1)","0"
"backend/resources/views/welcome.blade.php","18","Página Laravel inicial","--ease-in-out","cubic-bezier(.4,0,.2,1)","0"
"backend/resources/views/welcome.blade.php","18","Página Laravel inicial","--animate-spin","spin 1s linear infinite","0"
"backend/resources/views/welcome.blade.php","18","Página Laravel inicial","--animate-ping","ping 1s cubic-bezier(0,0,.2,1)infinite","0"
"backend/resources/views/welcome.blade.php","18","Página Laravel inicial","--animate-pulse","pulse 2s cubic-bezier(.4,0,.6,1)infinite","0"
"backend/resources/views/welcome.blade.php","18","Página Laravel inicial","--animate-bounce","bounce 1s infinite","0"
"backend/resources/views/welcome.blade.php","18","Página Laravel inicial","--blur-xs","4px","0"
"backend/resources/views/welcome.blade.php","18","Página Laravel inicial","--blur-sm","8px","0"
"backend/resources/views/welcome.blade.php","18","Página Laravel inicial","--blur-md","12px","0"
"backend/resources/views/welcome.blade.php","18","Página Laravel inicial","--blur-lg","16px","0"
"backend/resources/views/welcome.blade.php","18","Página Laravel inicial","--blur-xl","24px","0"
"backend/resources/views/welcome.blade.php","18","Página Laravel inicial","--blur-2xl","40px","0"
"backend/resources/views/welcome.blade.php","18","Página Laravel inicial","--blur-3xl","64px","0"
"backend/resources/views/welcome.blade.php","18","Página Laravel inicial","--perspective-dramatic","100px","0"
"backend/resources/views/welcome.blade.php","18","Página Laravel inicial","--perspective-near","300px","0"
"backend/resources/views/welcome.blade.php","18","Página Laravel inicial","--perspective-normal","500px","0"
"backend/resources/views/welcome.blade.php","18","Página Laravel inicial","--perspective-midrange","800px","0"
"backend/resources/views/welcome.blade.php","18","Página Laravel inicial","--perspective-distant","1200px","0"
"backend/resources/views/welcome.blade.php","18","Página Laravel inicial","--aspect-video","16/9","0"
"backend/resources/views/welcome.blade.php","18","Página Laravel inicial","--default-transition-duration",".15s","0"
"backend/resources/views/welcome.blade.php","18","Página Laravel inicial","--default-transition-timing-function","cubic-bezier(.4,0,.2,1)","0"
"backend/resources/views/welcome.blade.php","18","Página Laravel inicial","--default-font-family","var(--font-sans)","1"
"backend/resources/views/welcome.blade.php","18","Página Laravel inicial","--default-font-feature-settings","var(--font-sans--font-feature-settings)","1"
"backend/resources/views/welcome.blade.php","18","Página Laravel inicial","--default-font-variation-settings","var(--font-sans--font-variation-settings)","1"
"backend/resources/views/welcome.blade.php","18","Página Laravel inicial","--default-mono-font-family","var(--font-mono)","1"
"backend/resources/views/welcome.blade.php","18","Página Laravel inicial","--default-mono-font-feature-settings","var(--font-mono--font-feature-settings)","1"
"backend/resources/views/welcome.blade.php","18","Página Laravel inicial","--tw-translate-y","calc(var(--spacing)*0)","3"
"backend/resources/views/welcome.blade.php","18","Página Laravel inicial","--tw-space-x-reverse","0","2"
"backend/resources/views/welcome.blade.php","18","Página Laravel inicial","--tw-leading","20px","1"
"backend/resources/views/welcome.blade.php","18","Página Laravel inicial","--tw-leading","var(--leading-normal)","1"
"backend/resources/views/welcome.blade.php","18","Página Laravel inicial","--tw-font-weight","var(--font-weight-medium)","0"
"backend/resources/views/welcome.blade.php","18","Página Laravel inicial","--tw-shadow","0px 0px 1px 0px var(--tw-shadow-color,#00000008),0px 1px 2px 0px var(--tw-shadow-color,#0000000f)","3"
"backend/resources/views/welcome.blade.php","18","Página Laravel inicial","--tw-shadow","inset 0px 0px 0px 1px var(--tw-shadow-color,#1a1a0029)","3"
"backend/resources/views/welcome.blade.php","18","Página Laravel inicial","--tw-duration",".75s","2"
"backend/resources/views/welcome.blade.php","18","Página Laravel inicial","--tw-shadow","inset 0px 0px 0px 1px var(--tw-shadow-color,#fffaed2d)","3"
"backend/resources/views/welcome.blade.php","18","Página Laravel inicial","--tw-translate-y","calc(var(--spacing)*4)","3"
"backend/resources/views/welcome.blade.php","18","Página Laravel inicial","--tw-translate-y","calc(var(--spacing)*6)","3"
