identificacion,nombre_emp,apellido_emp,id_depto,estado,estado_puesto,tipo_contrato,sueldo,nivel,cargo_empleado,grupo_ocupacional,proceso_institucional,modalidad_laboral,modalidad_marcacion,partida_individual,partida_presupuestaria,programa,actividad,fecha_ingreso,fecha_salida,sexo,tipo_sangre,num_sercop,fecha_vence_sercop,banco,tipo_cuenta,numero_cuenta,telefono,extension,calle_y_numero,acumula_decimo_tercero,acumula_decimo_cuarto,acumula_fondos_reserva
0200515674,ANGEL RUBEN,MEJIA TAMAYO,52,ACTIVO,OCUPADO,LOSEP               ,2368.00,2,DIRECTOR/A DE PATROCINIO,NIVEL JERARQUICO SUPERIOR 2 DEC. 601,ADJETIVO,Libre Nombramiento y Remoción,PRESENCIAL,120,202622000000000010000000100051170000100000000,01,001,2025-11-13 00:00:00,,MASCULINO,,Fj5ydiPKPp,2027-06-14,,,,984420464,2810,Ninguno,t,t,1
0201146917,FLORENCIA ELIZABETH,HERMOZA CABEZAS,90,ACTIVO,OCUPADO,LOSEP               ,733.00,6,SECRETARIO/A EJECUTIVO/A 1,SERVIDOR PUBLICO DE APOYO 4,SUSTANTIVO,Nombramiento Provisional,PRESENCIAL,80,202622000000000550000000100051170000100000000,55,001,2018-07-01 00:00:00,,FEMENINO,,GLtGUvJ1y9,2027-08-30,,,,999999999,2822,Ninguno,t,t,1
0201534732,LIZ TATIANA,BONILLA GUERRERO,10,ACTIVO,OCUPADO,LOSEP               ,3247.00,5,ASESOR /A 2,NIVEL JERARQUICO SUPERIOR 5 DEC.624,GOBERNANTE,Contrato de Servicios Ocasionales,PRESENCIAL,52,202622000000000550000000100051170000100000000,55,001,2025-05-20 00:00:00,,FEMENINO,,,,,,,999999999,2706,Ninguno,t,t,1
0202036034,TEOFILO GEOVANNY,CABADIANA SANGACHA,83,ACTIVO,OCUPADO,LOSEP               ,1676.00,13,ESPECIALISTA DE REGULACION,SERVIDOR PUBLICO 7,SUSTANTIVO,Nombramiento Provisional,PRESENCIAL,44,202622000000000550000000100051170000100000000,55,001,2019-12-01 00:00:00,,MASCULINO,,zIMvbAf34b,2027-10-25,,,,996401197,2212,Ninguno,t,t,2
0401232806,EDWIN PATRICIO,CASTILLO CHILUISA,73,ACTIVO,OCUPADO,LOSEP               ,817.00,7,ASISTENTE DE TECNOLOGIAS DE INFORMACION .,SERVIDOR PUBLICO 1,ADJETIVO,Nombramiento Definitivo,PRESENCIAL,63,202622000000000010000000100051170000100000000,01,001,2015-05-18 00:00:00,,MASCULINO,,TdR8g4W6kg,2027-07-05,,,,999999999,2507,Ninguno,t,t,2
0502733736,MARIA ISABEL,MERIZALDE OCAÑA,12,ACTIVO,OCUPADO,LOSEP               ,2418.00,3,SECRETARIO/A GENERAL,NIVEL JERARQUICO SUPERIOR 3 DEC. 135,ADJETIVO,Libre Nombramiento y Remoción,PRESENCIAL,15,202622000000000010000000100051170000100000000,01,001,2025-07-01 00:00:00,,FEMENINO,,BsdA1hwJuE,2027-08-02,,,,999802514,2100,Ninguno,t,t,0
0603645888,LUIS EDUARDO,LEMA PALTAN,73,ACTIVO,OCUPADO,LOSEP               ,1676.00,13,ESPECIALISTA DE DESARROLLO,SERVIDOR PUBLICO 7,ADJETIVO,Nombramiento Provisional,PRESENCIAL,41,202622000000000010000000100051170000100000000,01,001,2020-04-21 00:00:00,,MASCULINO,,KZGWuviAqx,2027-07-19,,,,999999999,2505,Ninguno,t,t,2
0912637782,CESAR ANTONIO,MARTIN MORENO,10,ACTIVO,OCUPADO,LOSEP               ,4283.00,7,PRESIDENTE/A DEL CONSEJO,NIVEL JERARQUICO SUPERIOR 7 DEC. 624,GOBERNANTE,Libre Nombramiento y Remoción,PRESENCIAL,5,202622000000000550000000100051170000100000000,55,001,2025-05-16 00:00:00,,MASCULINO,,zc5maIGKIh,2027-08-23,,,,999059565,2700,Ninguno,t,t,1
0915439467,JUAN XAVIER,GILER MOGROVEJO,50,ACTIVO,OCUPADO,LOSEP               ,3247.00,5,COORDINADOR/A GENERAL DE ASESORIA JURIDICA,NIVEL JERARQUICO SUPERIOR 5 DEC.624,ADJETIVO,Libre Nombramiento y Remoción,PRESENCIAL,110,202622000000000010000000100051170000100000000,01,001,2025-05-27 00:00:00,,MASCULINO,,iiZbCgBSgW,2027-02-15,,,,984420281,2800,Ninguno,f,f,1
0926747502,EVELYN LISSETTE,SOLORZANO PINTAG,61,ACTIVO,OCUPADO,LOSEP               ,1676.00,13,ESPECIALISTA DE COMPRAS PUBLICAS,SERVIDOR PUBLICO 7,ADJETIVO,Nombramiento Provisional,PRESENCIAL,39,202622000000000010000000100051170000100000000,01,001,2021-03-28 00:00:00,,FEMENINO,,1qFixVeQ2K,2027-07-19,,,,2494761,2412,Ninguno,t,t,1
0932385180,FABIAN ALEJANDRO,ALARCON SAVINOVICH,90,ACTIVO,OCUPADO,LOSEP               ,3247.00,5,COORDINADOR/A GENERAL DE  PROMOCION DE DERECHOS,NIVEL JERARQUICO SUPERIOR 5 DEC.624,SUSTANTIVO,Libre Nombramiento y Remoción,PRESENCIAL,3,202622000000000550000000100051170000100000000,55,001,2025-05-21 00:00:00,,MASCULINO,,7GXWTjW5B1,2027-09-06,,,,999999999,2200,Ninguno,t,t,1
1001967932,NATHANIEL FERNANDO,CHAUCA HEREMBÁS,73,ACTIVO,OCUPADO,LOSEP               ,1676.00,13,EXPERTO DE SERVICIOS TECNOLÓGICOS,SERVIDOR PUBLICO 7,ADJETIVO,Nombramiento Definitivo,PRESENCIAL,96,202622000000000010000000100051170000100000000,01,001,2013-12-03 00:00:00,,MASCULINO,O+,Lu4yjPer6D,2027-07-12,BANCO PICHINCHA,AHORROS,3324631200,0996423855,2502,Pusuqui,t,t,2
1002433181,DIEGO ANTONIO,LARA TELLO,13,ACTIVO,OCUPADO,LOSEP               ,1676.00,13,EXPERTO DE IMAGEN Y COMUNICACION,SERVIDOR PUBLICO 7,ADJETIVO,Nombramiento Definitivo,PRESENCIAL,93,202622000000000010000000100051170000100000000,01,001,2019-09-01 00:00:00,,MASCULINO,,CkzWCqWJFF,2027-01-25,,,,999999999,2275,Ninguno,t,t,1
1002794665,PAOLA FERNANDA,RUIZ PAREDES,82,ACTIVO,OCUPADO,LOSEP               ,1676.00,13,EXPERTO DE VIGILANCIA Y CONTROL DE MEDIOS IMPRESOS,SERVIDOR PUBLICO 7,SUSTANTIVO,Nombramiento Definitivo,PRESENCIAL,81,202622000000000550000000100051170000100000000,55,001,2021-12-16 00:00:00,,FEMENINO,,93b39pJ5xJ,2027-10-11,,,,999999999,2248,Ninguno,f,f,1
1103363063,ALBA EMPERATRIZ,HERRAES ELIZALDE,93,ACTIVO,OCUPADO,LOSEP               ,1676.00,13,ESPECIALISTA DE PROTECCION DE LOS DERECHOS,SERVIDOR PUBLICO 7,SUSTANTIVO,Nombramiento Provisional,PRESENCIAL,45,202622000000000550000000100051170000100000000,55,001,2023-02-01 00:00:00,,FEMENINO,,l92ord2v1F,2027-04-12,,,,993070165,2234,Ninguno,t,t,1
1103677322,JENNY PATRICIA,PAUTA AGUINSACA,91,ACTIVO,OCUPADO,LOSEP               ,2597.00,4,DIRECTOR/A TECNICO/A DE FORTALECIMIENTO DE COMPETENCIAS,NIVEL JERARQUICO SUPERIOR 4 DEC. 624,SUSTANTIVO,Libre Nombramiento y Remoción,PRESENCIAL,65,202622000000000550000000100051170000100000000,55,001,2024-03-01 00:00:00,,FEMENINO,,QD1yoPY1oU,2028-03-14,,,,987880737,2260,Ninguno,f,f,1
1103837033,LEO RAUL,MIRANDA APOLO,91,ACTIVO,OCUPADO,LOSEP               ,1212.00,11,ANALISTA DE FORTALECIMIENTO DE COMPETENCIAS 2,SERVIDOR PUBLICO 5,SUSTANTIVO,Nombramiento Provisional,PRESENCIAL,16,202622000000000550000000100051170000100000000,55,001,2022-05-03 00:00:00,,MASCULINO,,GFRDYEaQvJ,2027-08-09,,,,999999999,2268,Ninguno,t,t,1
1104055262,SONIA CRISTINA,REYES ALVARADO,51,ACTIVO,OCUPADO,LOSEP               ,2368.00,2,DIRECTOR/A DE ASESORIA JURIDICA,NIVEL JERARQUICO SUPERIOR 2 DEC. 601,ADJETIVO,Libre Nombramiento y Remoción,PRESENCIAL,115,202622000000000010000000100051170000100000000,01,001,2021-06-21 00:00:00,,FEMENINO,,inKsbKhC23,2027-05-10,,,,995374958,2240,Ninguno,f,f,1
1105809568,KRISTEL SOFIA,FERNANDEZ TANDAZO,13,ACTIVO,OCUPADO,LOSEP               ,1212.00,11,ANALISTA DE COMUNICACION SOCIAL 2,SERVIDOR PUBLICO 5,ADJETIVO,Contrato de Servicios Ocasionales,PRESENCIAL,421,202622000000000010000000100051170000100000000,01,001,2024-02-01 00:00:00,,FEMENINO,,QN5F5rcF7C,2028-03-07,,,,999999999,2251,Ninguno,f,f,1
1305043554,MARLENE ESTRELLA,CEDEÑO ESMERALDAS,61,ACTIVO,OCUPADO,CODIGO DEL TRABAJO  ,561.00,1,AUXILIAR DE SERVICIOS,NIVEL 1,ADJETIVO,Nombramiento Definitivo,PRESENCIAL,10,202622000000000010000000100051170000100000000,01,001,2014-11-28 00:00:00,,FEMENINO,,soNVr4bCDR,2027-08-30,,,,999999999,2000,Ninguno,t,t,1
1312114331,ANGEL MARCELO,CEDEÑO MACIAS,92,ACTIVO,OCUPADO,LOSEP               ,2597.00,4,DIRECTOR/A TECNICO/A DE PROMOCION DEL CONOCIMIENTO,NIVEL JERARQUICO SUPERIOR 4 DEC. 624,SUSTANTIVO,Libre Nombramiento y Remoción,PRESENCIAL,2,202622000000000550000000100051170000100000000,55,001,2025-09-01 00:00:00,,MASCULINO,,RQzgUCd1Wg,2027-11-01,,,,999999999,2230,Ninguno,f,f,0
1600261257,GIOCONDA VIVIANA,BENITEZ ESCOBAR,93,ACTIVO,OCUPADO,LOSEP               ,1676.00,13,ESPECIALISTA DE PROTECCION DE LOS DERECHOS,SERVIDOR PUBLICO 7,SUSTANTIVO,Nombramiento Provisional,PRESENCIAL,2,202622000000000550000000300051170000100000000,55,003,2025-08-01 00:00:00,,FEMENINO,,7pOPdVExNT,2027-09-06,,,,999999999,2273,Ninguno,t,t,0
1706732078,MANUEL RICARDO,RIVAS BRAVO,14,ACTIVO,OCUPADO,LOSEP               ,2418.00,3,PRESIDENTE DEL MECANISMO DE PREVENCIÓN Y PROTECCIÓN DEL TRABAJO PERIODISTICO,NIVEL JERARQUICO SUPERIOR 3 DEC. 135,GOBERNANTE,Contrato de Servicios Ocasionales,PRESENCIAL,51,202622000000000550000000100051170000100000000,55,002,2025-03-06 00:00:00,,MASCULINO,,xjFKlR4sao,2027-03-15,,,,999999999,2202,Ninguno,f,f,1
1707045397,FRAN GUSTAVO,MOLINA MINCHALO,93,ACTIVO,OCUPADO,LOSEP               ,1676.00,13,ESPECIALISTA DE INVESTIGACION,SERVIDOR PUBLICO 7,SUSTANTIVO,Nombramiento Definitivo,PRESENCIAL,51,202622000000000550000000100051170000100000000,55,001,2015-09-02 00:00:00,,MASCULINO,,QLFwljZveA,2027-07-12,,,,999863734,2276,Ninguno,f,f,1
1707163992,ORFA IRENE,REINOSO ANANGONO,12,ACTIVO,OCUPADO,LOSEP               ,733.00,6,SECRETARIO/A EJECUTIVO/A 1,SERVIDOR PUBLICO DE APOYO 4,ADJETIVO,Nombramiento Provisional,PRESENCIAL,57,202622000000000010000000100051170000100000000,01,001,2016-09-01 00:00:00,,FEMENINO,,SNhXy2CSnw,2027-08-02,,,,999999999,2103,Ninguno,t,t,1
1707593214,JOHNNATAN MAURICIO,MONTALVO LEIVA,93,ACTIVO,OCUPADO,LOSEP               ,2597.00,4,DIRECTOR/A TECNICO/A DE PROTECCION DE DERECHOS,NIVEL JERARQUICO SUPERIOR 4 DEC. 624,ADJETIVO,Libre Nombramiento y Remoción,PRESENCIAL,55,202622000000000550000000100051170000100000000,55,001,2026-07-30 00:00:00,,MASCULINO,A+,,,,,,0986963913,2812,El Batán,f,f,0
1708782493,NANCY ROCIO,GAONA RUBIO,10,ACTIVO,OCUPADO,LOSEP               ,817.00,7,SECRETARIO/A EJECUTIVO/A 2,SERVIDOR PUBLICO 1,GOBERNANTE,Nombramiento Provisional,PRESENCIAL,9,202622000000000010000000100051170000100000000,01,001,2022-03-01 00:00:00,,FEMENINO,,Cx4IQjc769,2027-04-12,,,,999999999,2104,Ninguno,t,t,1
1710418037,MICHELLE JUDITH,MORETTI PAREDES,92,ACTIVO,OCUPADO,LOSEP               ,986.00,9,PERIODISTA,SERVIDOR PUBLICO 3,SUSTANTIVO,Nombramiento Definitivo,PRESENCIAL,54,202622000000000550000000100051170000100000000,55,001,2025-05-26 00:00:00,,FEMENINO,,ZpsaxBpP8y,2028-02-28,,,,999999999,2279,Ninguno,f,f,1
1710840198,GERMAN JACOBO,LALAMA VILLACRESES,62,ACTIVO,OCUPADO,LOSEP               ,1676.00,13,ESPECIALISTA DE TALENTO HUMANO,SERVIDOR PUBLICO 7,ADJETIVO,Nombramiento Provisional,PRESENCIAL,42,202622000000000010000000100051170000100000000,01,001,2016-01-01 00:00:00,,MASCULINO,,TAJxXAfgYw,2027-08-16,,,,997088373,2431,El Inca,t,t,2
1711182616,GALO ROBERTO,AGUILERA MOSCOSO,51,ACTIVO,OCUPADO,LOSEP               ,1212.00,11,ANALISTA DE ASESORIA JURIDICA 2,SERVIDOR PUBLICO 5,ADJETIVO,Nombramiento Provisional,PRESENCIAL,23,202622000000000010000000100051170000100000000,01,001,2017-09-01 00:00:00,,MASCULINO,,eoAX6GehAE,2027-06-21,,,,999999999,2811,Ninguno,t,t,1
1711652402,JUAN CARLOS,CHAVEZ CEVALLOS,93,ACTIVO,OCUPADO,LOSEP               ,817.00,7,SECRETARIO/A EJECUTIVO/A 2,SERVIDOR PUBLICO 1,SUSTANTIVO,Nombramiento Provisional,PRESENCIAL,68,202622000000000550000000100051170000100000000,55,001,2020-03-02 00:00:00,,MASCULINO,,jEFxZYny30,2028-01-31,,,,999999999,2242,Ninguno,t,t,1
1711702504,WILLIAM ALFONSO,SALAZAR SALAZAR,61,ACTIVO,OCUPADO,CODIGO DEL TRABAJO  ,596.00,3,CONDUCTOR ADMINISTRATIVO,NIVEL 3,ADJETIVO,Nombramiento Definitivo,PRESENCIAL,5,202622000000000010000000100051170000100000000,01,001,2019-06-01 00:00:00,,MASCULINO,,s3yVrDKpDo,2027-11-15,,,,999999999,2417,Ninguno,t,t,1
1711857530,ANA CECILIA,GUANOTASIG LEMA,73,ACTIVO,OCUPADO,LOSEP               ,1212.00,11,ANALISTA DE DESARROLLO Y GESTION DE PLATAFORMAS 2,SERVIDOR PUBLICO 5,ADJETIVO,Nombramiento Definitivo,PRESENCIAL,90,202622000000000010000000100051170000100000000,01,001,2018-06-18 00:00:00,,FEMENINO,,aMQwYD9vBo,2027-07-12,,,,999999999,2506,Ninguno,t,t,1
1711898666,CHRISTIAN PATRICIO,BUENO MAYA,82,ACTIVO,OCUPADO,LOSEP               ,1676.00,13,EXPERTO DE IMAGEN Y COMUNICACION,SERVIDOR PUBLICO 7,SUSTANTIVO,Nombramiento Definitivo,PRESENCIAL,82,202622000000000550000000100051170000100000000,55,001,2019-06-01 00:00:00,,MASCULINO,,Q3g2F7cu0E,2027-07-05,,,,999999999,2250,Ninguno,t,t,1
1712032869,ALEXANDRA DEL ROCIO,MENA OÑATE,61,ACTIVO,OCUPADO,LOSEP               ,1212.00,11,ANALISTA DE SERVICIOS INSTITUCIONALES 2,SERVIDOR PUBLICO 5,ADJETIVO,Nombramiento Definitivo,PRESENCIAL,53,202622000000000010000000100051170000100000000,01,001,2015-08-01 00:00:00,,FEMENINO,,HPkAHvpQ5i,2027-07-05,,,,999999999,2413,Ninguno,t,t,1
1712044690,ANAELA NOEMI,MEJIA PADILLA,83,ACTIVO,OCUPADO,LOSEP               ,1676.00,13,EXPERTO DE IMAGEN Y COMUNICACION,SERVIDOR PUBLICO 7,SUSTANTIVO,Nombramiento Definitivo,PRESENCIAL,94,202622000000000550000000100051170000100000000,55,001,2018-06-01 00:00:00,,FEMENINO,,IjBkDhAhpg,2027-10-25,,,,999999999,2245,Ninguno,t,t,2
1712249950,KARINA ALEXANDRA,ROMERO MICHILENA,63,ACTIVO,OCUPADO,LOSEP               ,1676.00,13,EXPERTO DE CONTABILIDAD,SERVIDOR PUBLICO 7,ADJETIVO,Nombramiento Definitivo,PRESENCIAL,97,202622000000000010000000100051170000100000000,01,001,2021-06-21 00:00:00,,FEMENINO,,MLmERsDDRA,2027-07-05,BANCO PICHINCHA,AHORROS,3071004900,999999999,2421,Ninguno,t,t,1
1712628542,AMADA VIOLETA,GUERRERO FLORIL,80,ACTIVO,OCUPADO,LOSEP               ,733.00,6,SECRETARIO/A EJECUTIVO/A 1,SERVIDOR PUBLICO DE APOYO 4,SUSTANTIVO,Nombramiento Definitivo,PRESENCIAL,67,202622000000000550000000100051170000100000000,55,001,2019-09-01 00:00:00,,FEMENINO,,w0iPHEKQlO,2027-07-12,,,,999999999,2411,Ninguno,t,t,2
1712850815,ZOILA MARIELA,CANDO CHICAIZA,63,ACTIVO,OCUPADO,LOSEP               ,1676.00,13,ESPECIALISTA FINANCIERO,SERVIDOR PUBLICO 7,ADJETIVO,Nombramiento Definitivo,PRESENCIAL,37,202622000000000010000000100051170000100000000,01,001,2016-01-04 00:00:00,,FEMENINO,,UQcEXzrXue,2027-07-05,,,,2452469,2424,Ninguno,f,f,1
1713067351,SOFIA ALEXANDRA,JURADO CHAVES,92,ACTIVO,OCUPADO,LOSEP               ,1676.00,13,ESPECIALISTA DE ATENCION CIUDADANA,SERVIDOR PUBLICO 7,SUSTANTIVO,Nombramiento Definitivo,TELETRABAJO,18,202622000000000550000000100051170000100000000,55,001,2021-08-20 00:00:00,,FEMENINO,,ruO4vveGb2,2027-08-30,,,,999999999,2274,Ninguno,f,f,1
1713081832,FRANKLIN VLADIMIR,CÁRDENAS GOMEZ,91,ACTIVO,OCUPADO,LOSEP               ,986.00,9,ANALISTA DE IMAGEN Y COMUNICACION 1,SERVIDOR PUBLICO 3,SUSTANTIVO,Nombramiento Definitivo,PRESENCIAL,91,202622000000000550000000100051170000100000000,55,001,2019-08-01 00:00:00,,MASCULINO,,jhqOgFZtne,2027-07-12,,,,999999999,2266,Ninguno,t,t,1
1713196291,ADELA PAULINA,SUAREZ CARRERA,61,ACTIVO,DISPONIBLE,LOSEP               ,1676.00,6,ESPECIALISTA DE SERVICIOS INSTITUCIONALES,SERVIDOR PUBLICO 7,ADJETIVO,Nombramiento Provisional,PRESENCIAL,38,202622000000000010000000100051170000100000000,01,001,2026-08-01 00:00:00,,FEMENINO,,MHgLV9asxn,2027-07-19,,,,999999999,2401,Ninguno,f,f,0
1713239927,NELSON IVAN,LARA ESPINOZA,61,ACTIVO,OCUPADO,CODIGO DEL TRABAJO  ,596.00,3,CONDUCTOR ADMINISTRATIVO,NIVEL 3,ADJETIVO,Nombramiento Definitivo,PRESENCIAL,4,202622000000000010000000100051170000100000000,01,001,2017-09-01 00:00:00,,MASCULINO,,WNQNBthup3,2027-11-01,,,,999999999,2417,Ninguno,t,t,1
1713590063,CARLOS WASHINGTON,VIZUETE CAMPAÑA,81,ACTIVO,OCUPADO,LOSEP               ,1676.00,13,ESPECIALISTA DE GENERACION DE INSUMOS COGNITIVOS,SERVIDOR PUBLICO 7,SUSTANTIVO,Nombramiento Definitivo,PRESENCIAL,5,202622000000000550000000100051170000100000000,55,001,2014-05-26 00:00:00,,MASCULINO,,canueRn94Z,2026-11-09,,,,999999999,2221,Ninguno,t,t,1
1713744298,CESAR ANDRES,YUGCHA REASCOS,91,ACTIVO,OCUPADO,LOSEP               ,1212.00,11,ANALISTA DE FORTALECIMIENTO DE COMPETENCIAS 2,SERVIDOR PUBLICO 5,SUSTANTIVO,Nombramiento Provisional,PRESENCIAL,77,202622000000000550000000100051170000100000000,55,001,2014-01-20 00:00:00,,MASCULINO,,K4feO0bV2Q,2027-08-30,,,,999999999,2265,Ninguno,t,t,1
1713762696,ABDON RAMIRO,ROSERO MIÑO,82,ACTIVO,OCUPADO,LOSEP               ,2597.00,4,DIRECTOR/A TECNICO/A DE MONITOREO A LOS CONTENIDOS,NIVEL JERARQUICO SUPERIOR 4 DEC. 624,SUSTANTIVO,Libre Nombramiento y Remoción,PRESENCIAL,60,202622000000000550000000100051170000100000000,55,001,2025-06-01 00:00:00,,MASCULINO,,863MqUyaPU,2027-05-31,,,,2807928,2705,Ninguno,t,t,0
1714333182,ANA PAOLA,MARTINEZ SALAZAR,81,ACTIVO,OCUPADO,LOSEP               ,1676.00,13,ESPECIALISTA DE EVALUACION DE CONTENIDOS,SERVIDOR PUBLICO 7,SUSTANTIVO,Nombramiento Definitivo,PRESENCIAL,46,202622000000000550000000100051170000100000000,55,001,2020-10-01 00:00:00,,FEMENINO,,axXdyjMLqh,2027-10-11,,,,998327895,2220,Ninguno,t,t,2
1714503172,LUIS ALBERTO,PALACIOS ZHINGRE,70,ACTIVO,OCUPADO,LOSEP               ,3247.00,5,COORDINADOR/A GENERAL DE PLANIFICACION Y GESTION ESTRATEGICA,NIVEL JERARQUICO SUPERIOR 5 DEC.624,ADJETIVO,Libre Nombramiento y Remoción,PRESENCIAL,95,202622000000000010000000100051170000100000000,01,001,2025-06-16 00:00:00,,MASCULINO,,Mf72XG9DnI,2027-07-05,,,,998527641,2600,Ninguno,t,t,1
1714542329,MONICA JEANETH,CHAVEZ ORTEGA,63,ACTIVO,OCUPADO,LOSEP               ,1412.00,12,CONTADOR GENERAL,SERVIDOR PUBLICO 6,ADJETIVO,Nombramiento Provisional,PRESENCIAL,52,202622000000000010000000100051170000100000000,01,001,2015-05-12 00:00:00,,FEMENINO,,ZemQZ8pACE,2027-07-05,,,,999999999,2423,Ninguno,t,t,1
1714547021,DIEGO ANDRES,GOMEZ ALARCON,13,ACTIVO,OCUPADO,LOSEP               ,1676.00,13,EXPERTO DE IMAGEN Y COMUNICACION,SERVIDOR PUBLICO 7,ADJETIVO,Nombramiento Definitivo,PRESENCIAL,92,202622000000000010000000100051170000100000000,01,001,2022-03-01 00:00:00,,MASCULINO,,2MHovvHZKj,2027-02-08,,,,999999999,2226,Ninguno,t,t,1
1714591466,BEATRIZ ANDREA,GUARDERAS DONOSO,92,ACTIVO,OCUPADO,LOSEP               ,1676.00,13,ESPECIALISTA DE PROMOCION DEL CONOCIMIENTO,SERVIDOR PÚBLICO 7,SUSTANTIVO,Nombramiento Provisional,PRESENCIAL,4,202622000000000550000000100051170000100000000,55,001,2026-08-01 00:00:00,,FEMENINO,A-,W8uAa1CPjH,2026-08-10,MUTUALISTA PICHINCHA,AHORROS,28207024,0998205914,2271,SECTOR POMASQUI, AV. MANUEL CÓRDOVA GALARZA,f,f,0
1714723598,CLARA MARLENE,CUMBAL LLULLUNA,91,ACTIVO,OCUPADO,LOSEP               ,1212.00,11,ANALISTA DE ASISTENCIA TECNICA 2,SERVIDOR PUBLICO 5,SUSTANTIVO,Nombramiento Definitivo,PRESENCIAL,3,202622000000000550000000100051170000100000000,55,001,2018-06-01 00:00:00,,FEMENINO,,cycGvLanyb,2027-08-09,,,,999999999,2262,Ninguno,t,t,1
1714765177,DIANA FERNANDA,VALENZUELA AGUILAR,50,ACTIVO,OCUPADO,LOSEP               ,817.00,7,SECRETARIO/A EJECUTIVO/A 2,SERVIDOR PUBLICO 1,GOBERNANTE,Nombramiento Provisional,PRESENCIAL,27,202622000000000550000000100051170000100000000,55,001,2019-02-01 00:00:00,,FEMENINO,,gkLjE6jnYV,2027-01-18,,,,999999999,2272,Ninguno,t,t,1
1714912175,DIEGO FERNANDO,ANDRADE ROCHA,82,ACTIVO,OCUPADO,LOSEP               ,1212.00,11,ANALISTA DE AUDITORIA TECNICA 2,SERVIDOR PUBLICO 5,SUSTANTIVO,Nombramiento Definitivo,PRESENCIAL,86,202622000000000550000000100051170000100000000,55,001,2019-06-01 00:00:00,,MASCULINO,,AVXGVezcyU,2027-07-05,,,,999999999,2249,Ninguno,t,t,1
1714914650,JORDANA KARINA,MALDONADO NOVILLO,63,ACTIVO,OCUPADO,LOSEP               ,2368.00,2,DIRECTOR/A FINANCIERO/A,NIVEL JERARQUICO SUPERIOR 2 DEC. 601,ADJETIVO,Libre Nombramiento y Remoción,PRESENCIAL,80,202622000000000010000000100051170000100000000,01,001,2026-03-01 00:00:00,,FEMENINO,,AhPeJ3np1D,2028-05-09,,,,999813268,2420,Ninguno,f,f,1
1714997077,KATHERINE JOHANNA,LARA PADILLA,12,ACTIVO,OCUPADO,LOSEP               ,733.00,6,SECRETARIO/A EJECUTIVO/A 1,SERVIDOR PUBLICO DE APOYO 4,ADJETIVO,Nombramiento Definitivo,PRESENCIAL,66,202622000000000010000000100051170000100000000,01,001,2019-09-01 00:00:00,,FEMENINO,,PTaNQCS9Ro,2027-03-29,,,,999999999,2102,Ninguno,t,t,1
1715312540,ANDRES DAVID,MIER ANGULO,81,ACTIVO,OCUPADO,LOSEP               ,986.00,9,ANALISTA DE EVALUACION DE CONTENIDOS 2,SERVIDOR PUBLICO 3,SUSTANTIVO,Nombramiento Definitivo,PRESENCIAL,19,202622000000000550000000100051170000100000000,55,001,2021-11-01 00:00:00,,MASCULINO,,drRdyV7Pdm,2026-10-19,,,,999999999,2224,Ninguno,t,t,1
1715490551,SILVIA MARCELA,AGUILAR SALGUERO,82,ACTIVO,OCUPADO,LOSEP               ,1212.00,11,ANALISTA DE ADMINISTRACION DEL REGISTRO PUBLICO DE MEDIOS 2,SERVIDOR PUBLICO 5,SUSTANTIVO,Nombramiento Provisional,PRESENCIAL,21,202622000000000550000000100051170000100000000,55,001,2017-10-01 00:00:00,,FEMENINO,,iGtiTRWQpg,2027-08-30,,,,999999999,2233,Ninguno,t,t,1
1715734149,ANGEL GEOVANNY,CRUZ JACOME,60,ACTIVO,OCUPADO,LOSEP               ,3247.00,5,COORDINADOR/A GENERAL ADMINISTRATIVO/A FINANCIERO/A,NIVEL JERARQUICO SUPERIOR 5 DEC.624,ADJETIVO,Libre Nombramiento y Remoción,PRESENCIAL,70,202622000000000010000000100051170000100000000,01,001,2025-05-21 00:00:00,,MASCULINO,,loMSKvVq3r,2027-05-31,,,,9763335,2400,Ninguno,f,f,1
1716185994,MARIA LORENA,ORTIZ NAVARRO,91,ACTIVO,OCUPADO,LOSEP               ,1676.00,13,ESPECIALISTA DE FORTALECIMIENTO DE COMPETENCIAS,SERVIDOR PUBLICO 7,SUSTANTIVO,Nombramiento Provisional,PRESENCIAL,64,202622000000000550000000100051170000100000000,55,001,2022-01-26 00:00:00,,FEMENINO,,EOkdmYDDlm,2027-08-11,,,,999999999,2263,Ninguno,t,t,2
1716348345,DIANA ELIZABETH,LAPO PEDRERA,12,ACTIVO,OCUPADO,LOSEP               ,817.00,7,SECRETARIO/A EJECUTIVO/A 2,SERVIDOR PUBLICO 1,ADJETIVO,Nombramiento Provisional,PRESENCIAL,59,202622000000000010000000100051170000100000000,01,001,2019-08-01 00:00:00,,FEMENINO,,HmdCXpjyHE,2027-09-06,,,,999999999,2101,Ninguno,t,t,1
1716349293,MARIA ALEXANDRA,AREVALO SORNOZA,63,ACTIVO,OCUPADO,LOSEP               ,1412.00,12,TESORERO,SERVIDOR PUBLICO 6,ADJETIVO,Nombramiento Provisional,PRESENCIAL,8,202622000000000010000000100051170000100000000,01,001,2014-02-18 00:00:00,,FEMENINO,,oKnPxOXGBN,2027-07-05,,,,999999999,2432,Ninguno,t,t,1
1716710874,BOLIVAR DANIEL,SUAREZ VELASTEGUI,61,ACTIVO,OCUPADO,CODIGO DEL TRABAJO  ,596.00,3,CONDUCTOR ADMINISTRATIVO,NIVEL 3,ADJETIVO,Nombramiento Definitivo,PRESENCIAL,16,202622000000000010000000100051170000100000000,01,001,2025-07-01 00:00:00,,MASCULINO,,xkewQ4ZLO6,2027-07-12,,,,999999999,2417,Ninguno,t,t,0
1716861156,VIVIANA DEL ROCIO,GARZON CARRERA,71,ACTIVO,OCUPADO,LOSEP               ,1676.00,13,ESPECIALISTA DE ADMINISTRACION DE PROCESOS,SERVIDOR PUBLICO 7,ADJETIVO,Nombramiento Provisional,PRESENCIAL,25,202622000000000010000000100051170000100000000,01,001,2025-09-01 00:00:00,,FEMENINO,,B9tN8CsFbQ,2027-01-11,,,,999999999,2622,Ninguno,t,t,1
1717261117,JUAN SEBASTIAN,MENA RONQUILLO,72,ACTIVO,OCUPADO,LOSEP               ,1676.00,13,ESPECIALISTA DE PLANIFICACION,SERVIDOR PUBLICO 7,ADJETIVO,Nombramiento Provisional,PRESENCIAL,28,202622000000000010000000100051170000100000000,01,001,2020-11-21 00:00:00,,MASCULINO,,TfWl7KHxL0,2027-03-01,,,,979738384,2612,Ninguno,f,f,1
1717435513,ANDRES VLADIMIR,BRITO FIGUEROA,13,ACTIVO,OCUPADO,LOSEP               ,2368.00,2,DIRECTOR/A DE COMUNICACION SOCIAL,NIVEL JERARQUICO SUPERIOR 2 DEC. 601,ADJETIVO,Libre Nombramiento y Remoción,PRESENCIAL,125,202622000000000010000000100051170000100000000,01,001,2025-06-01 00:00:00,,MASCULINO,,MfYwDnGrbl,2027-08-23,,,,99456,2227,Ninguno,f,f,1
1717918260,ANDRES MANOLO,GARATE ALTAMIRANO,81,ACTIVO,OCUPADO,LOSEP               ,2597.00,4,DIRECTOR/A TECNICO/A DE EVALUACION DE CONTENIDOS,NIVEL JERARQUICO SUPERIOR 4 DEC. 624,SUSTANTIVO,Libre Nombramiento y Remoción,PRESENCIAL,50,202622000000000550000000100051170000100000000,55,001,2026-01-13 00:00:00,,MASCULINO,,uVVoeb78hF,2026-07-27,,,,24505088,2225,Ninguno,t,t,1
1717923104,AMANGANDI MIRIAN,CHELA,82,ACTIVO,OCUPADO,LOSEP               ,1676.00,13,ESPECIALISTA DE EVALUACION DE PROYECTOS COMUNICACIONALES,SERVIDOR PUBLICO 7,SUSTANTIVO,Nombramiento Definitivo,PRESENCIAL,17,202622000000000550000000100051170000100000000,55,001,2019-09-01 00:00:00,,FEMENINO,,BItw2yTy1g,2027-08-30,,,,999999999,2241,Ninguno,f,f,1
1717968943,MIGUEL ANGEL,MEDINA RIVERA,13,ACTIVO,OCUPADO,LOSEP               ,733.00,6,TECNICO DE IMAGEN Y COMUNICACION,SERVIDOR PUBLICO DE APOYO 4,ADJETIVO,Nombramiento Definitivo,PRESENCIAL,87,202622000000000010000000100051170000100000000,01,001,2014-11-10 00:00:00,,MASCULINO,,aLZ71HlE4O,2027-04-23,,,,999999999,2252,Ninguno,t,t,1
1717982639,FRANCISCO JAVIER,OBANDO CULQUI,13,ACTIVO,OCUPADO,LOSEP               ,1676.00,13,EXPERTO DE IMAGEN Y COMUNICACION,SERVIDOR PUBLICO 7,ADJETIVO,Nombramiento Definitivo,PRESENCIAL,89,202622000000000010000000100051170000100000000,01,001,2025-06-01 00:00:00,,MASCULINO,,ndwL4VzIPv,2027-02-22,,,,999999999,2277,Ninguno,f,f,1
1718306374,ANDRES ALEJANDRO,BALAREZO CORELLA,80,ACTIVO,OCUPADO,LOSEP               ,3247.00,5,COORDINADOR/A GENERAL DE DESARROLLO DE LA INFORMACION Y COMUNICACION,NIVEL JERARQUICO SUPERIOR 5 DEC.624,SUSTANTIVO,Libre Nombramiento y Remoción,PRESENCIAL,40,202622000000000550000000100051170000100000000,55,001,2025-05-21 00:00:00,,MASCULINO,,SRW8cvGmXP,2027-05-10,,,,999710372,2218,Ninguno,f,f,1
1718344219,MARCIA CRISTINA,LAYEDRA MOYA,61,ACTIVO,OCUPADO,LOSEP               ,2368.00,5,DIRECTOR/A ADMINISTRATIVO/A,NIVEL JERARQUICO SUPERIOR 2 DEC. 601,ADJETIVO,Libre Nombramiento y Remoción,PRESENCIAL,75,202622000000000010000000100051170000100000000,01,001,2026-07-01 00:00:00,,FEMENINO,B+,zcWSLIa5Pj,2027-02-01,,AHORROS,,0986856688,2410,MARIANITAS DE CALDERÓN SECTOR  COLEGIO MILENIUM,f,f,0
1718376278,JESSICA ANDREA,HURTADO TINOCO,61,ACTIVO,OCUPADO,LOSEP               ,817.00,7,SECRETARIO/A EJECUTIVO/A 2,SERVIDOR PUBLICO 1,ADJETIVO,Nombramiento Provisional,PRESENCIAL,36,202622000000000010000000100051170000100000000,01,001,2026-06-01 00:00:00,,FEMENINO,O+,Ho8wjVHPRG,2028-06-06,,,,0999007211,2416,,f,f,0
1718573759,FERNANDA ESTEFANIA,BONE BARRO,82,ACTIVO,OCUPADO,LOSEP               ,817.00,7,ASISTENTE TECNICO DE VIGILANCIA Y CONTROL DE MEDIOS AUDIOVISUALES,SERVIDOR PUBLICO 1,SUSTANTIVO,Nombramiento Definitivo,PRESENCIAL,85,202622000000000550000000100051170000100000000,55,001,2019-06-01 00:00:00,,FEMENINO,,Te6iQgNNbH,2027-07-05,,,,999999999,2247,Ninguno,t,t,1
1718618208,PAMELA ELIZABETH,RIVERA ÁLVAREZ,62,ACTIVO,OCUPADO,LOSEP               ,2368.00,2,DIRECTORA DE ADMINISTRACION DEL TALENTO HUMANO,NIVEL JERARQUICO SUPERIOR 2 DEC. 601,ADJETIVO,Libre Nombramiento y Remoción,PRESENCIAL,85,202622000000000010000000100051170000100000000,01,001,2026-04-19 00:00:00,,FEMENINO,,63kHSC0PbG,2027-07-12,,,,,2430,Quito,t,t,1
1718871260,CRISTINA ELIZABETH,LARA VALENCIA,91,ACTIVO,OCUPADO,LOSEP               ,986.00,9,ANALISTA DE GENERACION DE CAPACIDADES 2,SERVIDOR PUBLICO 3,SUSTANTIVO,Nombramiento Definitivo,PRESENCIAL,22,202622000000000550000000100051170000100000000,55,001,2019-08-01 00:00:00,,FEMENINO,,IlrOoSyyVn,2027-08-30,,,,999999999,2261,Ninguno,f,f,2
1719216556,KATALINA ELIZABETH,VALLEJO CARRION,83,ACTIVO,OCUPADO,LOSEP               ,986.00,9,ANALISTA DE REGULACION 1,SERVIDOR PUBLICO 3,SUSTANTIVO,Nombramiento Provisional,PRESENCIAL,6,202622000000000550000000100051170000100000000,55,001,2025-12-01 00:00:00,,FEMENINO,,iAu9ojcVDT,2027-12-20,,,,999999999,2211,Ninguno,t,t,0
1719903195,ANDREA ESTEFANIA,CASTILLO GARCIA,72,ACTIVO,OCUPADO,LOSEP               ,2368.00,2,DIRECTOR/A DE PLANIFICACION,NIVEL JERARQUICO SUPERIOR 2 DEC. 601,ADJETIVO,Libre Nombramiento y Remoción,PRESENCIAL,100,202622000000000010000000100051170000100000000,01,001,2025-06-13 00:00:00,,FEMENINO,,vrMzZngrVR,2027-08-30,,,,998459980,2620,Ninguno,t,t,0
1719980995,WILLIAN DARIO,CÁRDENAS REGALADO,82,ACTIVO,OCUPADO,LOSEP               ,1212.00,11,ANALISTA DE VIGILANCIA Y CONTROL DE MEDIOS AUDIOVISUALES 2,SERVIDOR PUBLICO 5,SUSTANTIVO,Nombramiento Provisional,PRESENCIAL,84,202622000000000550000000100051170000100000000,55,001,2026-05-01 00:00:00,,MASCULINO,,vMV6dwYiS6,2028-05-23,,,,,2246,,f,f,0
1720815586,GUSTAVO ADOLFO,GUERRA CAMINO,93,ACTIVO,OCUPADO,LOSEP               ,1212.00,11,ANALISTA DE EVALUACION DE PROYECTOS COMUNICACIONALES 2,SERVIDOR PUBLICO 5,SUSTANTIVO,Nombramiento Definitivo,TELETRABAJO,10,202622000000000550000000100051170000100000000,55,001,2019-08-01 00:00:00,,MASCULINO,,ELPnGbkuMr,2027-03-22,,,,999999999,2243,Ninguno,t,t,1
1720852449,FERNANDA LIZET,ESPINOZA JIMENEZ,81,ACTIVO,OCUPADO,LOSEP               ,1212.00,11,ANALISTA DE GENERACION DE INSUMOS COGNITIVOS 2,SERVIDOR PUBLICO 5,SUSTANTIVO,Nombramiento Definitivo,PRESENCIAL,20,202622000000000550000000100051170000100000000,55,001,2014-01-21 00:00:00,,FEMENINO,,Gv6BjYJeHz,2027-12-06,,,,999999999,2223,Ninguno,t,t,2
1720932456,CYDIA CAROLINA,TAPIA CÁRDENAS,82,ACTIVO,OCUPADO,LOSEP               ,1676.00,13,EXPERTO DE AUDITORIA TECNICA,SERVIDOR PUBLICO 7,SUSTANTIVO,Nombramiento Definitivo,PRESENCIAL,83,202622000000000550000000100051170000100000000,55,001,2025-06-01 00:00:00,,FEMENINO,,1nOv7D9HiK,2027-08-23,,,,999999999,2227,Ninguno,t,t,1
1720997830,JUAN FERNANDO,BETANCOURT HIDALGO,71,ACTIVO,OCUPADO,LOSEP               ,2368.00,2,DIRECTOR/A DE SERVICIOS PROCESOS CALIDAD GESTIÓN DEL CAMBIO Y CULTURA ORGANIZATIVA,NIVEL JERARQUICO SUPERIOR 2 DEC. 601,ADJETIVO,Libre Nombramiento y Remoción,PRESENCIAL,105,202622000000000010000000100051170000100000000,01,001,2025-08-14 00:00:00,,MASCULINO,,lKqpvnvflS,2025-10-14,,,,986111261,2610,Ninguno,f,f,0
1721295879,TANYA PATRICIA,DE LA TORRE RODRIGUEZ,10,ACTIVO,OCUPADO,LOSEP               ,2115.00,1,COORDINADOR DE DESPACHO,NIVEL JERARQUICO SUPERIOR 1 DEC. 601,GOBERNANTE,Libre Nombramiento y Remoción,PRESENCIAL,10,202622000000000550000000100051170000100000000,55,001,2025-05-20 00:00:00,,FEMENINO,,,,,,,98374796,2703,Ninguno,t,t,1
1721629986,ANDREA FERNANDA,ORDOÑEZ MALDONADO,81,ACTIVO,OCUPADO,LOSEP               ,1212.00,11,ANALISTA DE IMAGEN Y COMUNICACION 2,SERVIDOR PUBLICO 5,SUSTANTIVO,Nombramiento Definitivo,PRESENCIAL,95,202622000000000550000000100051170000100000000,55,001,2019-08-01 00:00:00,,FEMENINO,,70UVeGbwKu,2027-09-13,,,,999999999,2222,Ninguno,f,f,1
1721871802,PAMELA ALEJANDRA,LOGACHO ESCOBAR,12,ACTIVO,OCUPADO,LOSEP               ,733.00,6,TECNICO DE GESTION DOCUMENTAL,SERVIDOR PUBLICO DE APOYO 4,ADJETIVO,Nombramiento Provisional,PRESENCIAL,58,202622000000000010000000100051170000100000000,01,001,2026-08-01 00:00:00,,FEMENINO,O+,YUKq3gjY9z,2026-01-10,BANCO DEL PICHINCHA,AHORROS,2210679568,0995709962,2401,SECTOR LA TOLA, CALLE MARTIN PERALTA,f,f,0
1722517669,DANIEL PABLO,SÁNCHEZ GAVILÁNEZ,62,ACTIVO,OCUPADO,LOSEP               ,1212.00,11,ANALISTA DE TALENTO HUMANO 2,SERVIDOR PUBLICO 5,ADJETIVO,Nombramiento Provisional,PRESENCIAL,49,202622000000000010000000100051170000100000000,55,001,2026-06-01 00:00:00,,MASCULINO,O+,ZeE12urm2N,2028-06-13,,,,0987050872,2422,SOLANDA - FIN DE LA CALLE J,f,f,1
1723387682,SONIA MARIA,CHAMBA CASTILLO,62,ACTIVO,OCUPADO,LOSEP               ,1212.00,11,ANALISTA DE TALENTO HUMANO 2,SERVIDOR PUBLICO 5,ADJETIVO,Nombramiento Provisional,PRESENCIAL,79,202622000000000010000000100051170000100000000,01,001,2016-10-01 00:00:00,,FEMENINO,,K7cBxB2IcS,2027-05-03,,,,999999999,2435,Ninguno,t,t,2
1724596356,ANDREA JACKELINE,BERNARDO BORJA,10,ACTIVO,OCUPADO,LOSEP               ,817.00,7,SECRETARIO/A EJECUTIVO/A 2,SERVIDOR PUBLICO 1,GOBERNANTE,Nombramiento Provisional,PRESENCIAL,61,202622000000000010000000100051170000100000000,01,001,2020-01-01 00:00:00,,FEMENINO,,p6BhDsE54L,2027-05-26,,,,999999999,2702,Ninguno,t,t,1
1725889115,JUAN FRANCISCO,TREJO FLORES,83,ACTIVO,OCUPADO,LOSEP               ,2597.00,4,DIRECTOR/A TECNICO/A DE REGULACION,NIVEL JERARQUICO SUPERIOR 4 DEC. 624,SUSTANTIVO,Libre Nombramiento y Remoción,PRESENCIAL,45,202622000000000550000000100051170000100000000,55,001,2019-06-01 00:00:00,,MASCULINO,,CzguOA7ZFl,2027-08-23,,,,2960243,2210,Ninguno,f,f,1
1753024650,JONNY RUBEN,CACUANGO NARVAEZ,61,ACTIVO,OCUPADO,CODIGO DEL TRABAJO  ,482.04,1,AYUDANTE DE MANTENIMIENTO,NIVEL 1,ADJETIVO,Nombramiento Definitivo,PRESENCIAL,13,202622000000000010000000100051170000100000000,01,001,2023-07-03 00:00:00,,MASCULINO,,2D3fBRiLOp,2027-07-19,,,,999999999,2910,Ninguno,t,t,1
1802262897,GIOVANNI ANTONIO,CAMPAÑA TAMAYO,61,ACTIVO,OCUPADO,LOSEP               ,817.00,7,ASISTENTE DE SUMINISTROS,SERVIDOR PUBLICO 1,ADJETIVO,Nombramiento Definitivo,PRESENCIAL,88,202622000000000010000000100051170000100000000,01,001,2019-08-01 00:00:00,,MASCULINO,,Mm4V8XQR8g,2027-07-05,,,,999999999,2414,Ninguno,t,t,1
1803533049,PATRICIO WILFRIDO,SORIA MONTERO,73,ACTIVO,OCUPADO,LOSEP               ,1676.00,13,ESPECIALISTA DE INFRAESTRUCTURA,SERVIDOR PUBLICO 7,ADJETIVO,Nombramiento Definitivo,PRESENCIAL,12,202622000000000010000000100051170000100000000,01,001,2019-09-01 00:00:00,,MASCULINO,,x8bRwZDSzq,2027-07-05,,,,999999999,2501,Ninguno,f,f,1
(93 rows)
