identificacion,apellido_emp,nombre_emp,estado,id_depto,es_externo
1715490551,AGUILAR SALGUERO,SILVIA MARCELA,ACTIVO,82,f
1711182616,AGUILERA MOSCOSO,GALO ROBERTO,ACTIVO,51,f
0932385180,ALARCON SAVINOVICH,FABIAN ALEJANDRO,ACTIVO,90,f
1714912175,ANDRADE ROCHA,DIEGO FERNANDO,ACTIVO,82,f
1716349293,AREVALO SORNOZA,MARIA ALEXANDRA,ACTIVO,63,f
1718306374,BALAREZO CORELLA,ANDRES ALEJANDRO,ACTIVO,80,f
1600261257,BENITEZ ESCOBAR,GIOCONDA VIVIANA,ACTIVO,93,f
0201771672,BERMEO BONILLA,RICHART OSWALDO,INACTIVO,73,f
1724596356,BERNARDO BORJA,ANDREA JACKELINE,ACTIVO,10,f
1720997830,BETANCOURT HIDALGO,JUAN FERNANDO,ACTIVO,71,f
1710840199,BOND,JAMES,INACTIVO,62,f
1718573759,BONE BARRO,FERNANDA ESTEFANIA,ACTIVO,82,f
0201534732,BONILLA GUERRERO,LIZ TATIANA,ACTIVO,10,f
1717435513,BRITO FIGUEROA,ANDRES VLADIMIR,ACTIVO,13,f
1711898666,BUENO MAYA,CHRISTIAN PATRICIO,ACTIVO,82,f
0202036034,CABADIANA SANGACHA,TEOFILO GEOVANNY,ACTIVO,83,f
1753024650,CACUANGO NARVAEZ,JONNY RUBEN,ACTIVO,61,f
1802262897,CAMPAÑA TAMAYO,GIOVANNI ANTONIO,ACTIVO,61,f
1712850815,CANDO CHICAIZA,ZOILA MARIELA,ACTIVO,63,f
1714421730,CASTELLANO CHIRIBOGA,WILLIAM GERMAN,INACTIVO,93,f
0401232806,CASTILLO CHILUISA,EDWIN PATRICIO,ACTIVO,73,f
1719903195,CASTILLO GARCIA,ANDREA ESTEFANIA,ACTIVO,72,f
1305043554,CEDEÑO ESMERALDAS,MARLENE ESTRELLA,ACTIVO,61,f
1312114331,CEDEÑO MACIAS,ANGEL MARCELO,ACTIVO,92,f
1723387682,CHAMBA CASTILLO,SONIA MARIA,ACTIVO,62,f
1001967932,CHAUCA HEREMBÁS,NATHANIEL FERNANDO,ACTIVO,73,f
1711652402,CHAVEZ CEVALLOS,JUAN CARLOS,ACTIVO,93,f
1714542329,CHAVEZ ORTEGA,MONICA JEANETH,ACTIVO,63,f
1717923104,CHELA,AMANGANDI MIRIAN,ACTIVO,82,f
1710626241,CHISAGUANO MALLIQUINGA,GERARDO,INACTIVO,62,f
1715734149,CRUZ JACOME,ANGEL GEOVANNY,ACTIVO,60,f
1714723598,CUMBAL LLULLUNA,CLARA MARLENE,ACTIVO,91,f
1713081832,CÁRDENAS GOMEZ,FRANKLIN VLADIMIR,ACTIVO,91,f
1719980995,CÁRDENAS REGALADO,WILLIAN DARIO,ACTIVO,82,f
1721295879,DE LA TORRE RODRIGUEZ,TANYA PATRICIA,ACTIVO,10,f
1720852449,ESPINOZA JIMENEZ,FERNANDA LIZET,ACTIVO,81,f
1105809568,FERNANDEZ TANDAZO,KRISTEL SOFIA,ACTIVO,13,f
1708782493,GAONA RUBIO,NANCY ROCIO,ACTIVO,10,f
1717918260,GARATE ALTAMIRANO,ANDRES MANOLO,ACTIVO,81,f
1716861156,GARZON CARRERA,VIVIANA DEL ROCIO,ACTIVO,71,f
0915439467,GILER MOGROVEJO,JUAN XAVIER,ACTIVO,50,f
1714547021,GOMEZ ALARCON,DIEGO ANDRES,ACTIVO,13,f
1722160494,GORDON VINUEZA,ANDREA VALERIA,INACTIVO,82,f
1711857530,GUANOTASIG LEMA,ANA CECILIA,ACTIVO,73,f
1714591466,GUARDERAS DONOSO,BEATRIZ ANDREA,ACTIVO,92,f
1720815586,GUERRA CAMINO,GUSTAVO ADOLFO,ACTIVO,93,f
1712628542,GUERRERO FLORIL,AMADA VIOLETA,ACTIVO,80,f
0201146917,HERMOZA CABEZAS,FLORENCIA ELIZABETH,ACTIVO,90,f
1103363063,HERRAES ELIZALDE,ALBA EMPERATRIZ,ACTIVO,93,f
1718376278,HURTADO TINOCO,JESSICA ANDREA,ACTIVO,61,f
1713067351,JURADO CHAVES,SOFIA ALEXANDRA,ACTIVO,92,f
1710840198,LALAMA VILLACRESES,GERMAN JACOBO,ACTIVO,62,f
1716348345,LAPO PEDRERA,DIANA ELIZABETH,ACTIVO,12,f
1713239927,LARA ESPINOZA,NELSON IVAN,ACTIVO,61,f
1714997077,LARA PADILLA,KATHERINE JOHANNA,ACTIVO,12,f
1002433181,LARA TELLO,DIEGO ANTONIO,ACTIVO,13,f
1718871260,LARA VALENCIA,CRISTINA ELIZABETH,ACTIVO,91,f
1718344219,LAYEDRA MOYA,MARCIA CRISTINA,ACTIVO,61,f
0603645888,LEMA PALTAN,LUIS EDUARDO,ACTIVO,73,f
1721871802,LOGACHO ESCOBAR,PAMELA ALEJANDRA,ACTIVO,12,f
1714914650,MALDONADO NOVILLO,JORDANA KARINA,ACTIVO,63,f
0912637782,MARTIN MORENO,CESAR ANTONIO,ACTIVO,10,f
1714333182,MARTINEZ SALAZAR,ANA PAOLA,ACTIVO,81,f
0503983413,MATUTE NEIRA,DIANA ESTEFANIA,INACTIVO,92,f
1717968943,MEDINA RIVERA,MIGUEL ANGEL,ACTIVO,13,f
1712044690,MEJIA PADILLA,ANAELA NOEMI,ACTIVO,83,f
0200515674,MEJIA TAMAYO,ANGEL RUBEN,ACTIVO,52,f
1712032869,MENA OÑATE,ALEXANDRA DEL ROCIO,ACTIVO,61,f
1717261117,MENA RONQUILLO,JUAN SEBASTIAN,ACTIVO,72,f
0502733736,MERIZALDE OCAÑA,MARIA ISABEL,ACTIVO,12,f
1600616955,MESIAS IZURIETA,EDWIN ROBERTO,INACTIVO,62,f
1715312540,MIER ANGULO,ANDRES DAVID,ACTIVO,81,f
1103837033,MIRANDA APOLO,LEO RAUL,ACTIVO,91,f
1707045397,MOLINA MINCHALO,FRAN GUSTAVO,ACTIVO,93,f
1707593214,MONTALVO LEIVA,JOHNNATAN MAURICIO,ACTIVO,93,f
1710418037,MORETTI PAREDES,MICHELLE JUDITH,ACTIVO,92,f
1717982639,OBANDO CULQUI,FRANCISCO JAVIER,ACTIVO,13,f
1721629986,ORDOÑEZ MALDONADO,ANDREA FERNANDA,ACTIVO,81,f
1716185994,ORTIZ NAVARRO,MARIA LORENA,ACTIVO,91,f
1714503172,PALACIOS ZHINGRE,LUIS ALBERTO,ACTIVO,70,f
1103677322,PAUTA AGUINSACA,JENNY PATRICIA,ACTIVO,91,f
1707163992,REINOSO ANANGONO,ORFA IRENE,ACTIVO,12,f
1104055262,REYES ALVARADO,SONIA CRISTINA,ACTIVO,51,f
1706732078,RIVAS BRAVO,MANUEL RICARDO,ACTIVO,14,f
1718618208,RIVERA ÁLVAREZ,PAMELA ELIZABETH,ACTIVO,62,f
1712249950,ROMERO MICHILENA,KARINA ALEXANDRA,ACTIVO,63,f
1713762696,ROSERO MIÑO,ABDON RAMIRO,ACTIVO,82,f
1723652754,RUIZ CUJI,DANIEL ENRIQUE,INACTIVO,61,f
1105146920,RUIZ ESCOVAR,MARITZA ELIZABETH,INACTIVO,61,f
1002794665,RUIZ PAREDES,PAOLA FERNANDA,ACTIVO,82,f
1711702504,SALAZAR SALAZAR,WILLIAM ALFONSO,ACTIVO,61,f
0926747502,SOLORZANO PINTAG,EVELYN LISSETTE,ACTIVO,61,f
1803533049,SORIA MONTERO,PATRICIO WILFRIDO,ACTIVO,73,f
1713196291,SUAREZ CARRERA,ADELA PAULINA,ACTIVO,61,f
1716710874,SUAREZ VELASTEGUI,BOLIVAR DANIEL,ACTIVO,61,f
1234567890,SUPER,ADMINISTRADOR,ACTIVO,999,f
1722517669,SÁNCHEZ GAVILÁNEZ,DANIEL PABLO,ACTIVO,62,f
1720932456,TAPIA CÁRDENAS,CYDIA CAROLINA,ACTIVO,82,f
1725889115,TREJO FLORES,JUAN FRANCISCO,ACTIVO,83,f
1714765177,VALENZUELA AGUILAR,DIANA FERNANDA,ACTIVO,50,f
1719216556,VALLEJO CARRION,KATALINA ELIZABETH,ACTIVO,83,f
1711114965,VILLEGAS GARCES,GABRIELA MARY,INACTIVO,61,f
1714023692,VINUEZA PAZMIÑO,RONNAL ANTONIO,INACTIVO,62,f
1713590063,VIZUETE CAMPAÑA,CARLOS WASHINGTON,ACTIVO,81,f
1713744298,YUGCHA REASCOS,CESAR ANDRES,ACTIVO,91,f
(105 rows)
