Identificacion,apellido_emp,nombre_emp,Departamento
1715734149,CRUZ JACOME,ANGEL GEOVANNY,COORDINACIÓN GENERAL ADMINISTRATIVA FINANCIERA
0915439467,GILER MOGROVEJO,JUAN XAVIER,COORDINACIÓN GENERAL DE ASESORÍA JURÍDICA
1714765177,VALENZUELA AGUILAR,DIANA FERNANDA,COORDINACIÓN GENERAL DE ASESORÍA JURÍDICA
1718306374,BALAREZO CORELLA,ANDRES ALEJANDRO,COORDINACIÓN GENERAL DE DESARROLLO DE LA INFORMACIÓN Y COMUNICACIÓN
1712628542,GUERRERO FLORIL,AMADA VIOLETA,COORDINACIÓN GENERAL DE DESARROLLO DE LA INFORMACIÓN Y COMUNICACIÓN
1714503172,PALACIOS ZHINGRE,LUIS ALBERTO,COORDINACIÓN GENERAL DE PLANIFICACIÓN Y GESTIÓN ESTRATÉGICA
0932385180,ALARCON SAVINOVICH,FABIAN ALEJANDRO,COORDINACIÓN GENERAL DE PROMOCIÓN DE DERECHOS
0201146917,HERMOZA CABEZAS,FLORENCIA ELIZABETH,COORDINACIÓN GENERAL DE PROMOCIÓN DE DERECHOS
1753024650,CACUANGO NARVAEZ,JONNY RUBEN,DIRECCIÓN ADMINISTRATIVA
1802262897,CAMPAÑA TAMAYO,GIOVANNI ANTONIO,DIRECCIÓN ADMINISTRATIVA
1305043554,CEDEÑO ESMERALDAS,MARLENE ESTRELLA,DIRECCIÓN ADMINISTRATIVA
1718376278,HURTADO TINOCO,JESSICA ANDREA,DIRECCIÓN ADMINISTRATIVA
1713239927,LARA ESPINOZA,NELSON IVAN,DIRECCIÓN ADMINISTRATIVA
1718344219,LAYEDRA MOYA,MARCIA CRISTINA,DIRECCIÓN ADMINISTRATIVA
1712032869,MENA OÑATE,ALEXANDRA DEL ROCIO,DIRECCIÓN ADMINISTRATIVA
1723652754,RUIZ CUJI,DANIEL ENRIQUE,DIRECCIÓN ADMINISTRATIVA
1105146920,RUIZ ESCOVAR,MARITZA ELIZABETH,DIRECCIÓN ADMINISTRATIVA
1711702504,SALAZAR SALAZAR,WILLIAM ALFONSO,DIRECCIÓN ADMINISTRATIVA
0926747502,SOLORZANO PINTAG,EVELYN LISSETTE,DIRECCIÓN ADMINISTRATIVA
1713196291,SUAREZ CARRERA,ADELA PAULINA,DIRECCIÓN ADMINISTRATIVA
1716710874,SUAREZ VELASTEGUI,BOLIVAR DANIEL,DIRECCIÓN ADMINISTRATIVA
1711114965,VILLEGAS GARCES,GABRIELA MARY,DIRECCIÓN ADMINISTRATIVA
1710840199,BOND,JAMES,DIRECCIÓN DE ADMINISTRACIÓN DEL TALENTO HUMANO
1723387682,CHAMBA CASTILLO,SONIA MARIA,DIRECCIÓN DE ADMINISTRACIÓN DEL TALENTO HUMANO
1710626241,CHISAGUANO MALLIQUINGA,GERARDO,DIRECCIÓN DE ADMINISTRACIÓN DEL TALENTO HUMANO
1710840198,LALAMA VILLACRESES,GERMAN JACOBO,DIRECCIÓN DE ADMINISTRACIÓN DEL TALENTO HUMANO
1600616955,MESIAS IZURIETA,EDWIN ROBERTO,DIRECCIÓN DE ADMINISTRACIÓN DEL TALENTO HUMANO
1718618208,RIVERA ÁLVAREZ,PAMELA ELIZABETH,DIRECCIÓN DE ADMINISTRACIÓN DEL TALENTO HUMANO
1722517669,SÁNCHEZ GAVILÁNEZ,DANIEL PABLO,DIRECCIÓN DE ADMINISTRACIÓN DEL TALENTO HUMANO
1714023692,VINUEZA PAZMIÑO,RONNAL ANTONIO,DIRECCIÓN DE ADMINISTRACIÓN DEL TALENTO HUMANO
1711182616,AGUILERA MOSCOSO,GALO ROBERTO,DIRECCIÓN DE ASESORÍA JURÍDICA
1104055262,REYES ALVARADO,SONIA CRISTINA,DIRECCIÓN DE ASESORÍA JURÍDICA
1717435513,BRITO FIGUEROA,ANDRES VLADIMIR,DIRECCIÓN DE COMUNICACIÓN SOCIAL
1105809568,FERNANDEZ TANDAZO,KRISTEL SOFIA,DIRECCIÓN DE COMUNICACIÓN SOCIAL
1714547021,GOMEZ ALARCON,DIEGO ANDRES,DIRECCIÓN DE COMUNICACIÓN SOCIAL
1002433181,LARA TELLO,DIEGO ANTONIO,DIRECCIÓN DE COMUNICACIÓN SOCIAL
1717968943,MEDINA RIVERA,MIGUEL ANGEL,DIRECCIÓN DE COMUNICACIÓN SOCIAL
1717982639,OBANDO CULQUI,FRANCISCO JAVIER,DIRECCIÓN DE COMUNICACIÓN SOCIAL
0200515674,MEJIA TAMAYO,ANGEL RUBEN,DIRECCIÓN DE PATROCINIO
1719903195,CASTILLO GARCIA,ANDREA ESTEFANIA,DIRECCIÓN DE PLANIFICACIÓN INVERSIÓN PLANES PROGRAMAS Y PROYECTOS
1717261117,MENA RONQUILLO,JUAN SEBASTIAN,DIRECCIÓN DE PLANIFICACIÓN INVERSIÓN PLANES PROGRAMAS Y PROYECTOS
1720997830,BETANCOURT HIDALGO,JUAN FERNANDO,DIRECCIÓN DE SERVICIOS PROCESOS CALIDAD GESTION DEL CAMBIO Y CULTURA ORGANIZATIVA
1716861156,GARZON CARRERA,VIVIANA DEL ROCIO,DIRECCIÓN DE SERVICIOS PROCESOS CALIDAD GESTION DEL CAMBIO Y CULTURA ORGANIZATIVA
0201771672,BERMEO BONILLA,RICHART OSWALDO,DIRECCIÓN DE TECNOLOGÍAS DE LA INFORMACIÓN Y COMUNICACIÓN
0401232806,CASTILLO CHILUISA,EDWIN PATRICIO,DIRECCIÓN DE TECNOLOGÍAS DE LA INFORMACIÓN Y COMUNICACIÓN
1001967932,CHAUCA HEREMBÁS,NATHANIEL FERNANDO,DIRECCIÓN DE TECNOLOGÍAS DE LA INFORMACIÓN Y COMUNICACIÓN
1711857530,GUANOTASIG LEMA,ANA CECILIA,DIRECCIÓN DE TECNOLOGÍAS DE LA INFORMACIÓN Y COMUNICACIÓN
0603645888,LEMA PALTAN,LUIS EDUARDO,DIRECCIÓN DE TECNOLOGÍAS DE LA INFORMACIÓN Y COMUNICACIÓN
1803533049,SORIA MONTERO,PATRICIO WILFRIDO,DIRECCIÓN DE TECNOLOGÍAS DE LA INFORMACIÓN Y COMUNICACIÓN
1716349293,AREVALO SORNOZA,MARIA ALEXANDRA,DIRECCIÓN FINANCIERA
1712850815,CANDO CHICAIZA,ZOILA MARIELA,DIRECCIÓN FINANCIERA
1714542329,CHAVEZ ORTEGA,MONICA JEANETH,DIRECCIÓN FINANCIERA
1714914650,MALDONADO NOVILLO,JORDANA KARINA,DIRECCIÓN FINANCIERA
1712249950,ROMERO MICHILENA,KARINA ALEXANDRA,DIRECCIÓN FINANCIERA
1713081832,CÁRDENAS GOMEZ,FRANKLIN VLADIMIR,DIRECCIÓN TÉCNICA DE FORTALECIMIENTO DE COMPETENCIAS
1714723598,CUMBAL LLULLUNA,CLARA MARLENE,DIRECCIÓN TÉCNICA DE FORTALECIMIENTO DE COMPETENCIAS
1718871260,LARA VALENCIA,CRISTINA ELIZABETH,DIRECCIÓN TÉCNICA DE FORTALECIMIENTO DE COMPETENCIAS
1103837033,MIRANDA APOLO,LEO RAUL,DIRECCIÓN TÉCNICA DE FORTALECIMIENTO DE COMPETENCIAS
1716185994,ORTIZ NAVARRO,MARIA LORENA,DIRECCIÓN TÉCNICA DE FORTALECIMIENTO DE COMPETENCIAS
1103677322,PAUTA AGUINSACA,JENNY PATRICIA,DIRECCIÓN TÉCNICA DE FORTALECIMIENTO DE COMPETENCIAS
1713744298,YUGCHA REASCOS,CESAR ANDRES,DIRECCIÓN TÉCNICA DE FORTALECIMIENTO DE COMPETENCIAS
1720852449,ESPINOZA JIMENEZ,FERNANDA LIZET,DIRECCION TECNICA DE INVESTIGACIÓN Y ANALISIS DE CONTENIDOS
1717918260,GARATE ALTAMIRANO,ANDRES MANOLO,DIRECCION TECNICA DE INVESTIGACIÓN Y ANALISIS DE CONTENIDOS
1714333182,MARTINEZ SALAZAR,ANA PAOLA,DIRECCION TECNICA DE INVESTIGACIÓN Y ANALISIS DE CONTENIDOS
1715312540,MIER ANGULO,ANDRES DAVID,DIRECCION TECNICA DE INVESTIGACIÓN Y ANALISIS DE CONTENIDOS
1721629986,ORDOÑEZ MALDONADO,ANDREA FERNANDA,DIRECCION TECNICA DE INVESTIGACIÓN Y ANALISIS DE CONTENIDOS
1713590063,VIZUETE CAMPAÑA,CARLOS WASHINGTON,DIRECCION TECNICA DE INVESTIGACIÓN Y ANALISIS DE CONTENIDOS
1715490551,AGUILAR SALGUERO,SILVIA MARCELA,DIRECCION TECNICA DE MONITOREO Y SEGUIMIENTO DE LA INFORMACIÓN Y COMUNICACIÓNACIÓN
1714912175,ANDRADE ROCHA,DIEGO FERNANDO,DIRECCION TECNICA DE MONITOREO Y SEGUIMIENTO DE LA INFORMACIÓN Y COMUNICACIÓNACIÓN
1718573759,BONE BARRO,FERNANDA ESTEFANIA,DIRECCION TECNICA DE MONITOREO Y SEGUIMIENTO DE LA INFORMACIÓN Y COMUNICACIÓNACIÓN
1711898666,BUENO MAYA,CHRISTIAN PATRICIO,DIRECCION TECNICA DE MONITOREO Y SEGUIMIENTO DE LA INFORMACIÓN Y COMUNICACIÓNACIÓN
1719980995,CÁRDENAS REGALADO,WILLIAN DARIO,DIRECCION TECNICA DE MONITOREO Y SEGUIMIENTO DE LA INFORMACIÓN Y COMUNICACIÓNACIÓN
1717923104,CHELA,AMANGANDI MIRIAN,DIRECCION TECNICA DE MONITOREO Y SEGUIMIENTO DE LA INFORMACIÓN Y COMUNICACIÓNACIÓN
1722160494,GORDON VINUEZA,ANDREA VALERIA,DIRECCION TECNICA DE MONITOREO Y SEGUIMIENTO DE LA INFORMACIÓN Y COMUNICACIÓNACIÓN
1713762696,ROSERO MIÑO,ABDON RAMIRO,DIRECCION TECNICA DE MONITOREO Y SEGUIMIENTO DE LA INFORMACIÓN Y COMUNICACIÓNACIÓN
1002794665,RUIZ PAREDES,PAOLA FERNANDA,DIRECCION TECNICA DE MONITOREO Y SEGUIMIENTO DE LA INFORMACIÓN Y COMUNICACIÓNACIÓN
1720932456,TAPIA CÁRDENAS,CYDIA CAROLINA,DIRECCION TECNICA DE MONITOREO Y SEGUIMIENTO DE LA INFORMACIÓN Y COMUNICACIÓNACIÓN
0202036034,CABADIANA SANGACHA,TEOFILO GEOVANNY,DIRECCION TECNICA DE NORMATIVA
1712044690,MEJIA PADILLA,ANAELA NOEMI,DIRECCION TECNICA DE NORMATIVA
1725889115,TREJO FLORES,JUAN FRANCISCO,DIRECCION TECNICA DE NORMATIVA
1719216556,VALLEJO CARRION,KATALINA ELIZABETH,DIRECCION TECNICA DE NORMATIVA
1312114331,CEDEÑO MACIAS,ANGEL MARCELO,DIRECCIÓN TÉCNICA DE PROMOCIÓN DEL CONOCIMIENTO
1714591466,GUARDERAS DONOSO,BEATRIZ ANDREA,DIRECCIÓN TÉCNICA DE PROMOCIÓN DEL CONOCIMIENTO
1713067351,JURADO CHAVES,SOFIA ALEXANDRA,DIRECCIÓN TÉCNICA DE PROMOCIÓN DEL CONOCIMIENTO
0503983413,MATUTE NEIRA,DIANA ESTEFANIA,DIRECCIÓN TÉCNICA DE PROMOCIÓN DEL CONOCIMIENTO
1710418037,MORETTI PAREDES,MICHELLE JUDITH,DIRECCIÓN TÉCNICA DE PROMOCIÓN DEL CONOCIMIENTO
1600261257,BENITEZ ESCOBAR,GIOCONDA VIVIANA,DIRECCIÓN TÉCNICA DE PROTECCIÓN DE LOS DERECHOS
1714421730,CASTELLANO CHIRIBOGA,WILLIAM GERMAN,DIRECCIÓN TÉCNICA DE PROTECCIÓN DE LOS DERECHOS
1711652402,CHAVEZ CEVALLOS,JUAN CARLOS,DIRECCIÓN TÉCNICA DE PROTECCIÓN DE LOS DERECHOS
1720815586,GUERRA CAMINO,GUSTAVO ADOLFO,DIRECCIÓN TÉCNICA DE PROTECCIÓN DE LOS DERECHOS
1103363063,HERRAES ELIZALDE,ALBA EMPERATRIZ,DIRECCIÓN TÉCNICA DE PROTECCIÓN DE LOS DERECHOS
1707045397,MOLINA MINCHALO,FRAN GUSTAVO,DIRECCIÓN TÉCNICA DE PROTECCIÓN DE LOS DERECHOS
1707593214,MONTALVO LEIVA,JOHNNATAN MAURICIO,DIRECCIÓN TÉCNICA DE PROTECCIÓN DE LOS DERECHOS
1706732078,RIVAS BRAVO,MANUEL RICARDO,MECANISMO DE PREVENCIÓN Y PROTECCIÓN DEL TRABAJO PERIODÍSTICO
1724596356,BERNARDO BORJA,ANDREA JACKELINE,PRESIDENCIA
0201534732,BONILLA GUERRERO,LIZ TATIANA,PRESIDENCIA
1721295879,DE LA TORRE RODRIGUEZ,TANYA PATRICIA,PRESIDENCIA
1708782493,GAONA RUBIO,NANCY ROCIO,PRESIDENCIA
0912637782,MARTIN MORENO,CESAR ANTONIO,PRESIDENCIA
1716348345,LAPO PEDRERA,DIANA ELIZABETH,SECRETARÍA GENERAL
1714997077,LARA PADILLA,KATHERINE JOHANNA,SECRETARÍA GENERAL
1721871802,LOGACHO ESCOBAR,PAMELA ALEJANDRA,SECRETARÍA GENERAL
0502733736,MERIZALDE OCAÑA,MARIA ISABEL,SECRETARÍA GENERAL
1707163992,REINOSO ANANGONO,ORFA IRENE,SECRETARÍA GENERAL
,,,
