identificacion,nombre_emp,apellido_emp,id_depto,estado,estado_puesto,tipo_contrato,sueldo,nivel,cargo_empleado,grupo_ocupacional,proceso_institucional,modalidad_laboral,modalidad_marcacion,partida_individual,partida_presupuestaria,programa,actividad,fecha_ingreso,fecha_salida,motivo_salida,motivo_reactivacion,institucion_comision,acumula_decimos,acumula_fondos_reserva,puede_solicitar_vehiculo,sexo,tipo_sangre,num_sercop,fecha_vence_sercop,banco,tipo_cuenta,numero_cuenta,telefono,extension,calle_y_numero,email,grupo_vulnerable,grupo_prioritario,tiene_discapacidad,tipo_discapacidad,porcentaje_discapacidad,tiene_enfermedad_catastrofica,enfermedad_catastrofica,tiene_persona_sustituta,sustituta_fecha_caducidad,num_hijos_mayores
1715490551,SILVIA MARCELA,AGUILAR SALGUERO,82,ACTIVO,OCUPADO,LOSEP,1212,11,ANALISTA DE ADMINISTRACION DEL REGISTRO PUBLICO DE MEDIOS 2,SERVIDOR PUBLICO 5,SUSTANTIVO,NOMBRAMIENTO PROVISIONAL,PRESENCIAL,21,202622000000000550000000100051170000100000000,55,,1/10/2017,,,,,SI,1,NO,,ORH (+),SERCOP - iGtiTRWQpg,30/8/2027,,,,23938720,2233,,maguilar@consejodecomunicacion.gob.ec,NO,NO,NO,NO,0,NO,NO,NO,0,0
1711182616,GALO ROBERTO,AGUILERA MOSCOSO,53,ACTIVO,OCUPADO,LOSEP,1212,11,ANALISTA DE ASESORIA JURIDICA 2,SERVIDOR PUBLICO 5,SUSTANTIVO,NOMBRAMIENTO PROVISIONAL,PRESENCIAL,23,202622000000000010000000100051170000100000000,1,,1/9/2017,,,,,1,1,NO,,ARH (+),SERCOP - eoAX6GehAE,21/6/2027,,,,23938720,2811,,raguilera@consejodecomunicacion.gob.ec,NO,NO,NO,NO,0,NO,NO,NO,0,0
0932385180,FABIAN ALEJANDRO,ALARCON SAVINOVICH,90,ACTIVO,OCUPADO,LOSEP,3247,5,COORDINADOR/A GENERAL DE  PROMOCION DE DERECHOS,NIVEL JERARQUICO SUPERIOR 5 DEC.624,SUSTANTIVO,LIBRE NOMBRAMIENTO Y REMOCI N,PRESENCIAL,3,202622000000000550000000100051170000100000000,55,,21/5/2025,,,,,1,1,NO,,ORH (+),SERCOP - 7GXWTjW5B1,6/9/2027,,,,23938720,2200,,falarcon@consejodecomunicacion.gob.ec,NO,NO,NO,NO,0,NO,NO,NO,0,0
1714912175,DIEGO FERNANDO,ANDRADE ROCHA,82,ACTIVO,OCUPADO,LOSEP,1212,11,ANALISTA DE AUDITORIA TECNICA 2,SERVIDOR PUBLICO 5,SUSTANTIVO,NOMBRAMIENTO DEFINITIVO,PRESENCIAL,86,202622000000000550000000100051170000100000000,55,,1/6/2019,,,,,1,1,NO,,ORH (+),SERCOP - AVXGVezcyU,5/7/2027,,,,23938720,2249,,dandrade@consejodecomunicacion.gob.ec,NO,NO,NO,NO,0,NO,NO,NO,0,0
1716349293,MARIA ALEXANDRA,AREVALO SORNOZA,63,ACTIVO,OCUPADO,LOSEP,1412,12,TESORERO,SERVIDOR PUBLICO 6,SUSTANTIVO,NOMBRAMIENTO PROVISIONAL,PRESENCIAL,8,202622000000000010000000100051170000100000000,1,,18/2/2014,,,,,1,1,NO,,ARH (+),SERCOP - oKnPxOXGBN,5/7/2027,,,,23938720,2432,,aarevalo@consejodecomunicacion.gob.ec,NO,NO,NO,NO,0,NO,NO,NO,0,1
1718306374,ANDRES ALEJANDRO,BALAREZO CORELLA,80,ACTIVO,OCUPADO,LOSEP,3247,5,COORDINADOR/A GENERAL DE DESARROLLO DE LA INFORMACION Y COMUNICACION,NIVEL JERARQUICO SUPERIOR 5 DEC.624,ADJETIVO,LIBRE NOMBRAMIENTO Y REMOCI N,PRESENCIAL,40,202622000000000550000000100051170000100000000,55,,21/5/2025,,,,,0,1,NO,,ORH (+),SERCOP - SRW8cvGmXP,10/5/2027,,,,23938720,2218,,abalarezo@consejodecomunicacion.gob.ec,NO,NO,NO,NO,0,NO,NO,NO,0,0
1600261257,GIOCONDA VIVIANA,BENITEZ ESCOBAR,93,ACTIVO,OCUPADO,LOSEP,1676,13,ESPECIALISTA DE PROTECCION DE LOS DERECHOS,SERVIDOR PUBLICO 7,SUSTANTIVO,NOMBRAMIENTO PROVISIONAL,PRESENCIAL,2,202622000000000550000000300051170000100000000,55,,1/9/2025,,,,,1,0,NO,,ORH (+),SERCOP - 7pOPdVExNT,16/9/2027,,,,23938720,2273,,gbenitez@consejodecomunicacion.gob.ec,NO,NO,NO,NO,0,NO,NO,NO,0,0
1724596356,ANDREA JACKELINE,BERNARDO BORJA,10,ACTIVO,OCUPADO,LOSEP,817,7,SECRETARIO/A EJECUTIVO/A 2,SERVIDOR PUBLICO 1,SUSTANTIVO,NOMBRAMIENTO PROVISIONAL,PRESENCIAL,61,202622000000000010000000100051170000100000000,1,,1/1/2020,,,,,1,1,NO,,ORH (+),SERCOP - Jq1HiC0jF3,26/4/2027,,,,23938720,2702,,abernardo@consejodecomunicacion.gob.ec,NO,NO,NO,NO,0,NO,NO,NO,0,0
1720997830,JUAN FERNANDO,BETANCOURT HIDALGO,71,ACTIVO,OCUPADO,LOSEP,2368,2,DIRECTOR/A DE SERVICIOS PROCESOS CALIDAD GESTION DEL CAMBIO Y CULTURA ORGANIZATIVA,NIVEL JERARQUICO SUPERIOR 2 DEC. 601,ADJETIVO,LIBRE NOMBRAMIENTO Y REMOCI N,PRESENCIAL,105,202622000000000010000000100051170000100000000,1,,14/8/2025,,,,,0,0,NO,,ORH (+),SERCOP - p6BhDsE54L,14/10/2027,,,,23938720,2610,,jbetancourt@consejodecomunicacion.gob.ec,NO,NO,NO,NO,0,NO,NO,NO,0,0
1718573759,FERNANDA ESTEFANIA,BONE BARRO,82,ACTIVO,OCUPADO,LOSEP,817,7,ASISTENTE TECNICO DE VIGILANCIA Y CONTROL DE MEDIOS AUDIOVISUALES,SERVIDOR PUBLICO 1,SUSTANTIVO,NOMBRAMIENTO DEFINITIVO,PRESENCIAL,85,202622000000000550000000100051170000100000000,55,,1/6/2019,,,,,1,1,NO,,ORH (+),SERCOP - lKqpvnvflS,5/7/2027,,,,23938720,2247,,fbone@consejodecomunicacion.gob.ec,NO,NO,NO,NO,0,NO,NO,NO,0,0
0201534732,LIZ TATIANA,BONILLA GUERRERO,10,ACTIVO,OCUPADO,LOSEP,3247,5,ASESOR /A 2,NIVEL JERARQUICO SUPERIOR 5 DEC.624,SUSTANTIVO,CONTRATO DE SERVICIOS OCASIONALES,PRESENCIAL,52,202622000000000550000000100051170000100000000,55,,20/5/2025,,,,,1,1,NO,,ORH (+),SERCOP - Te6iQgNNbH,,,,,23938720,2706,,lbonilla@consejodecomunicacion.gob.ec,NO,NO,NO,NO,0,NO,NO,NO,0,0
1717435513,ANDRES VLADIMIR,BRITO FIGUEROA,13,ACTIVO,OCUPADO,LOSEP,2368,2,DIRECTOR/A DE COMUNICACION SOCIAL,NIVEL JERARQUICO SUPERIOR 2 DEC. 601,ADJETIVO,LIBRE NOMBRAMIENTO Y REMOCI N,PRESENCIAL,125,202622000000000010000000100051170000100000000,1,,1/6/2025,,,,,0,1,NO,,ARH (+),SERCOP - MfYwDnGrbl,23/8/2027,,,,23938720,2227,,abrito@consejodecomunicacion.gob.ec,NO,NO,NO,NO,0,NO,NO,NO,0,0
1711898666,CHRISTIAN PATRICIO,BUENO MAYA,82,ACTIVO,OCUPADO,LOSEP,1676,13,EXPERTO DE IMAGEN Y COMUNICACION,SERVIDOR PUBLICO 7,SUSTANTIVO,NOMBRAMIENTO DEFINITIVO,PRESENCIAL,82,202622000000000550000000100051170000100000000,55,,1/6/2019,,,,,1,1,NO,,ORH (+),SERCOP - Q3g2F7cu0E,5/7/2027,,,,23938720,2250,,cbueno@consejodecomunicacion.gob.ec,NO,NO,NO,NO,0,NO,NO,NO,0,1
0202036034,TEOFILO GEOVANNY,CABADIANA SANGACHA,83,ACTIVO,OCUPADO,LOSEP,1676,13,ESPECIALISTA DE REGULACION,SERVIDOR PUBLICO 7,SUSTANTIVO,NOMBRAMIENTO PROVISIONAL,PRESENCIAL,44,202622000000000550000000100051170000100000000,55,,1/12/2019,,,,,1,2,NO,,ORH (+),SERCOP - zIMvbAf34b,25/10/2027,,,,23938720,2212,,gcabadiana@consejodecomunicacion.gob.ec,NO,NO,NO,NO,0,NO,NO,NO,0,0
1753024650,JONNY RUBEN,CACUANGO NARVAEZ,61,ACTIVO,OCUPADO,CODIGO DEL TRABAJO,470,1,AYUDANTE DE MANTENIMIENTO,NIVEL 1,SUSTANTIVO,CONTRATO DE SERVICIOS OCASIONALES,PRESENCIAL,13,202622000000000010000000100051170000100000000,1,,3/7/2023,,,,,1,1,NO,,ORH (+),SERCOP - 2D3fBRiLOp,19/7/2027,,,,23938720,2910,,jcacuango@consejodecomunicacion.gob.ec,NO,NO,NO,NO,0,NO,NO,NO,0,0
1802262897,GIOVANNI ANTONIO,CAMPA A TAMAYO,61,ACTIVO,OCUPADO,LOSEP,817,7,ASISTENTE DE SUMINISTROS,SERVIDOR PUBLICO 1,SUSTANTIVO,NOMBRAMIENTO DEFINITIVO,PRESENCIAL,88,202622000000000010000000100051170000100000000,1,,1/8/2019,,,,,1,1,NO,,ORH (+),SERCOP - Mm4V8XQR8g,5/7/2027,,,,23938720,2414,,gcampana@consejodecomunicacion.gob.ec,NO,NO,NO,NO,0,NO,NO,NO,0,1
1712850815,ZOILA MARIELA,CANDO CHICAIZA,63,ACTIVO,OCUPADO,LOSEP,1676,13,ESPECIALISTA FINANCIERO,SERVIDOR PUBLICO 7,SUSTANTIVO,NOMBRAMIENTO DEFINITIVO,PRESENCIAL,37,202622000000000010000000100051170000100000000,1,,4/1/2016,,,,,0,1,NO,,ORH (+),SERCOP - UQcEXzrXue,5/7/2027,,,,23938720,2424,,mcando@consejodecomunicacion.gob.ec,NO,NO,NO,NO,0,NO,NO,NO,0,2
1713081832,FRANKLIN VLADIMIR,CARDENAS GOMEZ,91,ACTIVO,OCUPADO,LOSEP,986,9,ANALISTA DE IMAGEN Y COMUNICACION 1,SERVIDOR PUBLICO 3,SUSTANTIVO,NOMBRAMIENTO DEFINITIVO,PRESENCIAL,91,202622000000000550000000100051170000100000000,55,,1/8/2019,,,,,1,1,NO,,ORH (+),SERCOP - jhqOgFZtne,12/7/2027,,,,23938720,2266,,fcardenas@consejodecomunicacion.gob.ec,NO,NO,NO,NO,0,NO,NO,NO,0,0
1719980995,WILLIAN DARIO,CARDENAS REGALADO,82,ACTIVO,OCUPADO,LOSEP,1212,11,ANALISTA DE VIGILANCIA Y CONTROL DE MEDIOS AUDIOVISUALES 2,SERVIDOR PUBLICO 5,SUSTANTIVO,NOMBRAMIENTO PROVISIONAL,PRESENCIAL,84,202622000000000550000000100051170000100000000,55,,1/5/2026,,,,,1,1,NO,,ORH (+),SERCOP - vMV6dwYiS6,22/5/2028,,,,23938720,2246,,wcardenas@consejodecomunicacion.gob.ec,NO,NO,NO,NO,0,NO,NO,NO,0,0
0401232806,EDWIN PATRICIO,CASTILLO CHILUISA,73,ACTIVO,OCUPADO,LOSEP,817,7,ASISTENTE DE TECNOLOGIAS DE INFORMACION .,SERVIDOR PUBLICO 1,SUSTANTIVO,NOMBRAMIENTO DEFINITIVO,PRESENCIAL,63,202622000000000010000000100051170000100000000,1,,18/5/2015,,,,,1,2,NO,,ORH (+),SERCOP - TdR8g4W6kg,5/7/2027,,,,23938720,2507,,pcastillo@consejodecomunicacion.gob.ec,NO,NO,NO,NO,0,NO,NO,NO,0,1
1719903195,ANDREA ESTEFANIA,CASTILLO GARCIA,72,ACTIVO,OCUPADO,LOSEP,2368,2,DIRECTOR/A DE PLANIFICACION INVERSION PLANES PROGRAMAS Y PROYECTOS,NIVEL JERARQUICO SUPERIOR 2 DEC. 601,ADJETIVO,LIBRE NOMBRAMIENTO Y REMOCI N,PRESENCIAL,100,202622000000000010000000100051170000100000000,1,,13/6/2025,,,,,1,1,NO,,ARH (+),SERCOP - vrMzZngrVR,30/8/2027,,,,23938720,2260,,acastillo@consejodecomunicacion.gob.ec,NO,NO,NO,NO,0,NO,NO,NO,0,0
1305043554,MARLENE ESTRELLA,CEDE O ESMERALDAS,61,ACTIVO,OCUPADO,CODIGO DEL TRABAJO,470,1,AUXILIAR DE SERVICIOS,NIVEL 1,SUSTANTIVO,CONTRATO DE SERVICIOS OCASIONALES,PRESENCIAL,10,202622000000000010000000100051170000100000000,1,,28/11/2014,,,,,1,1,NO,,ORH (+),SERCOP - soNVr4bCDR,30/8/2027,,,,23938720,2000,,mcedeno@consejodecomunicacion.gob.ec,NO,NO,NO,NO,0,NO,NO,NO,0,5
1312114331,ANGEL MARCELO,CEDE O MACIAS,92,ACTIVO,OCUPADO,LOSEP,2597,4,DIRECTOR/A TECNICO/A DE PROMOCION DEL CONOCIMIENTO,NIVEL JERARQUICO SUPERIOR 4 DEC. 624,SUSTANTIVO,LIBRE NOMBRAMIENTO Y REMOCI N,PRESENCIAL,2,202622000000000550000000100051170000100000000,55,,15/9/2025,,,,,0,0,NO,,ORH (+),SERCOP - RQzgUCd1Wg,1/11/2027,,,,23938720,2230,,acedeno@consejodecomunicacion.gob.ec,NO,NO,NO,NO,0,NO,NO,NO,0,0
1723387682,SONIA MARIA,CHAMBA CASTILLO,62,ACTIVO,OCUPADO,LOSEP,1212,11,ANALISTA DE TALENTO HUMANO 2,SERVIDOR PUBLICO 5,SUSTANTIVO,NOMBRAMIENTO PROVISIONAL,PRESENCIAL,79,202622000000000010000000100051170000100000000,1,,8/12/2021,,,,,1,2,NO,,ARH (+),SERCOP - K7cBxB2IcS,3/5/2027,,,,23938720,2435,,schamba@consejodecomunicacion.gob.ec,NO,NO,NO,NO,0,NO,NO,NO,0,0
1001967932,NATHANIEL FERNANDO,CHAUCA HEREMBAS,73,ACTIVO,OCUPADO,LOSEP,1676,13,EXPERTO DE SERVICIOS TECNOLOGICOS,SERVIDOR PUBLICO 7,SUSTANTIVO,NOMBRAMIENTO DEFINITIVO,PRESENCIAL,96,202622000000000010000000100051170000100000000,1,,1/8/2019,,,,,1,2,NO,,ORH (+),SERCOP - Lu4yjPer6D,12/7/2027,,,,23938720,2502,,nchauca@onsejodecomunicacion.gob.ec,NO,NO,NO,NO,0,NO,NO,NO,0,2
1711652402,JUAN CARLOS,CHAVEZ CEVALLOS,93,ACTIVO,OCUPADO,LOSEP,817,7,SECRETARIO/A EJECUTIVO/A 2,SERVIDOR PUBLICO 1,SUSTANTIVO,NOMBRAMIENTO PROVISIONAL,PRESENCIAL,68,202622000000000550000000100051170000100000000,55,,2/3/2020,,,,,1,1,NO,,B (+),SERCOP - jEFxZYny30,31/1/2028,,,,23938720,2242,,jcchavez@consejodecomunicacion.gob.ec,NO,NO,NO,NO,0,NO,NO,NO,0,1
1714542329,MONICA JEANETH,CHAVEZ ORTEGA,63,ACTIVO,OCUPADO,LOSEP,1412,12,CONTADOR GENERAL,SERVIDOR PUBLICO 6,SUSTANTIVO,NOMBRAMIENTO PROVISIONAL,PRESENCIAL,52,202622000000000010000000100051170000100000000,1,,12/5/2015,,,,,1,1,NO,,ORH (+),SERCOP - ZemQZ8pACE,5/7/2027,,,,23938720,2423,,mchavez@consejodecomunicacion.gob.ec,NO,NO,NO,NO,0,NO,NO,NO,0,1
1717923104,AMANGANDI MIRIAN,CHELA,82,ACTIVO,OCUPADO,LOSEP,1676,13,ESPECIALISTA DE EVALUACION DE PROYECTOS COMUNICACIONALES,SERVIDOR PUBLICO 7,SUSTANTIVO,NOMBRAMIENTO DEFINITIVO,PRESENCIAL,17,202622000000000550000000100051170000100000000,55,,1/10/2015,,,,,0,1,NO,,ORH (+),SERCOP - BItw2yTy1g,30/8/2027,,,,23938720,2241,,mchela@consejodecomunicacion.gob.ec,NO,NO,NO,NO,0,NO,NO,NO,0,0
1715734149,ANGEL GEOVANNY,CRUZ JACOME,60,ACTIVO,OCUPADO,LOSEP,3247,5,COORDINADOR/A GENERAL ADMINISTRATIVO/A FINANCIERO/A,NIVEL JERARQUICO SUPERIOR 5 DEC.624,ADJETIVO,LIBRE NOMBRAMIENTO Y REMOCI N,PRESENCIAL,70,202622000000000010000000100051170000100000000,1,,21/5/2025,,,,,0,1,NO,,ORH (+),SERCOP - loMSKvVq3r,31/5/2027,,,,23938720,2400,,acruz@consejodecomunicacion.gob.ec,NO,NO,NO,NO,0,NO,NO,NO,0,0
1714723598,CLARA MARLENE,CUMBAL LLULLUNA,91,ACTIVO,OCUPADO,LOSEP,1212,11,ANALISTA DE ASISTENCIA TECNICA 2,SERVIDOR PUBLICO 5,SUSTANTIVO,NOMBRAMIENTO DEFINITIVO,PRESENCIAL,3,202622000000000550000000100051170000100000000,55,,1/6/2018,,,,,1,1,NO,,ORH (+),SERCOP - cycGvLanyb,9/8/2027,,,,23938720,2262,,mcumbal@consejodecomunicacion.gob.ec,NO,NO,NO,NO,0,NO,NO,NO,0,1
1721295879,TANYA PATRICIA,DE LA TORRE RODRIGUEZ,10,ACTIVO,OCUPADO,LOSEP,2115,1,COORDINADOR DE DESPACHO,NIVEL JERARQUICO SUPERIOR 1 DEC. 601,SUSTANTIVO,LIBRE NOMBRAMIENTO Y REMOCI N,PRESENCIAL,10,202622000000000010000000100051170000100000000,1,,20/5/2025,,,,,1,1,NO,,ORH (+),,,,,,23938720,2703,,tdelatorre@consejodecomunicacion.gob.ec,NO,NO,NO,NO,0,NO,NO,NO,0,0
1720852449,FERNANDA LIZET,ESPINOZA JIMENEZ,81,ACTIVO,OCUPADO,LOSEP,1212,11,ANALISTA DE GENERACION DE INSUMOS COGNITIVOS 2,SERVIDOR PUBLICO 5,SUSTANTIVO,NOMBRAMIENTO DEFINITIVO,PRESENCIAL,20,202622000000000550000000100051170000100000000,55,,21/1/2014,,,,,1,2,NO,,ARH (+),SERCOP - Gv6BjYJeHz,6/3/2028,,,,23938720,2223,,fespinoza@consejodecomunicacion.gob.ec,NO,NO,NO,NO,0,NO,NO,NO,0,0
1105809568,KRISTEL SOFIA,FERNANDEZ TANDAZO,13,ACTIVO,OCUPADO,LOSEP,1212,11,ANALISTA DE COMUNICACION SOCIAL 2,SERVIDOR PUBLICO 5,SUSTANTIVO,NOMBRAMIENTO PROVISIONAL,PRESENCIAL,421,202622000000000010000000100051170000100000000,1,,1/2/2024,,,,,0,1,NO,,ORH (+),SERCOP - QN5F5rcF7C,12/4/2027,,,,23938720,2251,,kfernandez@consejodecomunicacion.gob.ec,NO,NO,NO,NO,0,NO,NO,NO,0,0
1708782493,NANCY ROCIO,GAONA RUBIO,10,ACTIVO,OCUPADO,LOSEP,817,7,SECRETARIO/A EJECUTIVO/A 2,SERVIDOR PUBLICO 1,SUSTANTIVO,NOMBRAMIENTO PROVISIONAL,PRESENCIAL,9,202622000000000010000000100051170000100000000,1,,1/3/2022,,,,,1,1,NO,,ORH (+),SERCOP - Cx4IQjc769,27/7/2026,,,,23938720,2104,,ngaona@consejodecomunicacion.gob.ec,NO,NO,NO,NO,0,NO,NO,NO,0,2
1717918260,ANDRES MANOLO,GARATE ALTAMIRANO,81,ACTIVO,OCUPADO,LOSEP,2597,4,DIRECTOR/A TECNICO/A DE INVESTIGACION Y ANALISIS DE CONTENIDOS,NIVEL JERARQUICO SUPERIOR 4 DEC. 624,SUSTANTIVO,LIBRE NOMBRAMIENTO Y REMOCI N,PRESENCIAL,50,202622000000000550000000100051170000100000000,55,,13/1/2026,,,,,1,1,NO,,ORH (+),SERCOP - uVVoeb78hF,11/1/2027,,,,23938720,2225,,agarate@consejodecomunicacion.gob.ec,NO,NO,NO,NO,0,NO,NO,NO,0,0
1716861156,VIVIANA DEL ROCIO,GARZON CARRERA,71,ACTIVO,OCUPADO,LOSEP,1676,13,ESPECIALISTA DE ADMINISTRACION DE PROCESOS,SERVIDOR PUBLICO 7,SUSTANTIVO,LOSEP,PRESENCIAL,25,202622000000000010000000100051170000100000000,1,,1/9/2025,,,,,1,1,NO,,B(+),SERCOP - B9tN8CsFbQ,15/2/2027,,,,23938720,2622,,vgarzon@consejodecomunicacion.gob.ec,NO,NO,NO,NO,0,NO,NO,NO,0,0
0915439467,JUAN XAVIER,GILER MOGROVEJO,50,ACTIVO,OCUPADO,LOSEP,3247,5,COORDINADOR/A GENERAL DE ASESORIA JURIDICA,NIVEL JERARQUICO SUPERIOR 5 DEC.624,ADJETIVO,LIBRE NOMBRAMIENTO Y REMOCI N,PRESENCIAL,110,202622000000000010000000100051170000100000000,1,,27/5/2025,,,,,0,1,NO,,ORH (+),SERCOP - iiZbCgBSgW,8/2/2027,,,,23938720,2800,,jgiler@consejodecomunicacion.gob.ec,NO,NO,NO,NO,0,NO,NO,NO,0,0
1714547021,DIEGO ANDRES,GOMEZ ALARCON,13,ACTIVO,OCUPADO,LOSEP,1676,13,EXPERTO DE IMAGEN Y COMUNICACION,SERVIDOR PUBLICO 7,SUSTANTIVO,NOMBRAMIENTO DEFINITIVO,PRESENCIAL,92,202622000000000010000000100051170000100000000,1,,1/8/2019,,,,,1,1,NO,,ARH (+),SERCOP - 2MHovvHZKj,10/8/2026,,,,23938720,2226,,dgomez@consejodecomunicacion.gob.ec,NO,NO,NO,NO,0,NO,NO,NO,0,1
1711857530,ANA CECILIA,GUANOTASIG LEMA,73,ACTIVO,OCUPADO,LOSEP,1212,11,ANALISTA DE DESARROLLO Y GESTION DE PLATAFORMAS 2,SERVIDOR PUBLICO 5,SUSTANTIVO,NOMBRAMIENTO DEFINITIVO,PRESENCIAL,90,202622000000000010000000100051170000100000000,1,,1/8/2019,,,,,1,1,NO,,ORH (+),SERCOP - aMQwYD9vBo,12/7/2027,,,,23938720,2506,,cguanotasig@consejodecomunicacion.gob.ec,NO,NO,NO,NO,0,NO,NO,NO,0,1
1714591466,BEATRIZ ANDREA,GUARDERAS DONOSO,92,ACTIVO,OCUPADO,LOSEP,1676,13,ESPECIALISTA DE PROMOCION DEL CONOCIMIENTO,SERVIDOR PUBLICO 7,SUSTANTIVO,NOMBRAMIENTO PROVISIONAL,PRESENCIAL,4,202622000000000550000000100051170000100000000,55,,1/8/2026,,,,,0,0,NO,,ARH (-),ERCOP - W8uAa1CPjH,10/8/2026,,,,23938720,2271,,bguarderas@consejodecomunicacion.gob.ec,NO,NO,NO,NO,0,NO,NO,NO,0,0
1720815586,GUSTAVO ADOLFO,GUERRA CAMINO,93,ACTIVO,OCUPADO,LOSEP,1212,11,ANALISTA DE EVALUACION DE PROYECTOS COMUNICACIONALES 2,SERVIDOR PUBLICO 5,SUSTANTIVO,NOMBRAMIENTO DEFINITIVO,PRESENCIAL,10,202622000000000550000000100051170000100000000,55,,4/1/2016,,,,,1,1,NO,,ORH (+),SERCOP - ELPnGbkuMr,22/3/2027,,,,23938720,2243,,gguerra@consejodecomunicacion.gob.ec,NO,NO,NO,NO,0,NO,NO,NO,0,0
1712628542,AMADA VIOLETA,GUERRERO FLORIL,80,ACTIVO,OCUPADO,LOSEP,733,6,SECRETARIO/A EJECUTIVO/A 1,SERVIDOR PUBLICO DE APOYO 4,SUSTANTIVO,NOMBRAMIENTO DEFINITIVO,PRESENCIAL,67,202622000000000550000000100051170000100000000,55,,1/7/2018,,,,,1,2,NO,,ORH (+),SERCOP - w0iPHEKQlO,12/7/2027,,,,23938720,2411,,aguerrero@consejodecomunicacion.gob.ec,NO,NO,NO,NO,0,NO,NO,NO,0,2
0201146917,FLORENCIA ELIZABETH,HERMOZA CABEZAS,90,ACTIVO,OCUPADO,LOSEP,733,6,SECRETARIO/A EJECUTIVO/A 1,SERVIDOR PUBLICO DE APOYO 4,SUSTANTIVO,NOMBRAMIENTO PROVISIONAL,PRESENCIAL,80,202622000000000550000000100051170000100000000,55,,1/8/2017,,,,,1,1,NO,,ORH (+),SERCOP - GLtGUvJ1y9,30/8/2027,,,,23938720,2822,,fhermoza@consejodecomunicacion.gob.ec,NO,NO,NO,NO,0,NO,NO,NO,0,1
1103363063,ALBA EMPERATRIZ,HERRAES ELIZALDE,93,ACTIVO,OCUPADO,LOSEP,1676,13,ESPECIALISTA DE PROTECCION DE LOS DERECHOS,SERVIDOR PUBLICO 7,SUSTANTIVO,NOMBRAMIENTO PROVISIONAL,PRESENCIAL,45,202622000000000550000000100051170000100000000,55,,1/2/2023,,,,,1,1,NO,,ORH (+),SERCOP - l92ord2v1F,12/4/2027,,,,23938720,2234,,aherraes@consejodecomunicacion.gob.ec,NO,NO,NO,NO,0,NO,NO,NO,0,1
1718376278,JESSICA ANDREA,HURTADO TINOCO,61,ACTIVO,OCUPADO,LOSEP,817,7,SECRETARIO/A EJECUTIVO/A 2,SERVIDOR PUBLICO 1,SUSTANTIVO,NOMBRAMIENTO PROVISIONAL,PRESENCIAL,36,202622000000000010000000100051170000100000000,1,,1/6/2026,,,,,1,0,NO,,ORH (+),SERCOP - Ho8wjVHPRG,5/6/2028,,,,23938720,2416,,jhurtado@consejodecomunicacion.gob.ec,NO,NO,NO,NO,0,NO,NO,NO,0,0
1713067351,SOFIA ALEXANDRA,JURADO CHAVES,92,ACTIVO,OCUPADO,LOSEP,1676,13,ESPECIALISTA DE ATENCION CIUDADANA,SERVIDOR PUBLICO 7,SUSTANTIVO,NOMBRAMIENTO DEFINITIVO,PRESENCIAL,18,202622000000000550000000100051170000100000000,55,,4/1/2016,,,,,0,1,NO,,ORH (+),SERCOP - ruO4vveGb2,30/8/2027,,,,23938720,2274,,sjurado@consejodecomunicacion.gob.ec,NO,NO,SI,F SICA MOTORA,43%,NO,NO,NO,0,0
1710840198,GERMAN JACOBO,LALAMA VILLACRESES,62,ACTIVO,OCUPADO,LOSEP,1676,13,ESPECIALISTA DE TALENTO HUMANO,SERVIDOR PUBLICO 7,SUSTANTIVO,NOMBRAMIENTO PROVISIONAL,PRESENCIAL,42,202622000000000010000000100051170000100000000,1,,1/8/2019,,,,,1,2,NO,,ORH (+),SERCOP - TAJxXAfgYw,16/8/2027,,,,23938720,2431,,jlalama@consejodecomunicacion.gob.ec,NO,NO,NO,NO,0,NO,NO,NO,0,2
1716348345,DIANA ELIZABETH,LAPO PEDRERA,12,ACTIVO,OCUPADO,LOSEP,817,7,SECRETARIO/A EJECUTIVO/A 2,SERVIDOR PUBLICO 1,SUSTANTIVO,NOMBRAMIENTO PROVISIONAL,PRESENCIAL,59,202622000000000010000000100051170000100000000,1,,1/9/2017,,,,,1,1,NO,,ORH (+),SERCOP - HmdCXpjyHE,6/9/2027,,,,23938720,2101,,dlapo@consejodecomunicacion.gob.ec,NO,NO,SI,F SICA MOTORA,35%,NO,NO,NO,0,0
1713239927,NELSON IVAN,LARA ESPINOZA,61,ACTIVO,OCUPADO,CODIGO DEL TRABAJO,470,3,CONDUCTOR ADMINISTRATIVO,NIVEL 3,SUSTANTIVO,CONTRATO DE SERVICIOS OCASIONALES,PRESENCIAL,4,202622000000000010000000100051170000100000000,1,,24/4/2014,,,,,1,1,NO,,ARH (+),SERCOP - WNQNBthup3,1/11/2027,,,,23938720,2417,,nlara@consejodecomunicacion.gob.ec,NO,NO,NO,NO,0,NO,NO,NO,0,0
1714997077,KATHERINE JOHANNA,LARA PADILLA,12,ACTIVO,OCUPADO,LOSEP,733,6,SECRETARIO/A EJECUTIVO/A 1,SERVIDOR PUBLICO DE APOYO 4,SUSTANTIVO,NOMBRAMIENTO DEFINITIVO,PRESENCIAL,66,202622000000000010000000100051170000100000000,1,,1/6/2018,,,,,1,1,NO,,ARH (+),SERCOP - PTaNQCS9Ro,29/3/2027,,,,23938720,2102,,klara@consejodecomunicacion.gob.ec,NO,NO,NO,NO,0,NO,NO,NO,0,0
1002433181,DIEGO ANTONIO,LARA TELLO,13,ACTIVO,OCUPADO,LOSEP,1676,13,EXPERTO DE IMAGEN Y COMUNICACION,SERVIDOR PUBLICO 7,SUSTANTIVO,NOMBRAMIENTO DEFINITIVO,PRESENCIAL,93,202622000000000010000000100051170000100000000,1,,1/8/2019,,,,,1,1,NO,,ORH (+),SERCOP - CkzWCqWJFF,25/1/2027,,,,23938720,2275,,dlara@consejodecomunicacion.gob.ec,NO,NO,NO,NO,0,NO,NO,NO,0,0
1718871260,CRISTINA ELIZABETH,LARA VALENCIA,91,ACTIVO,OCUPADO,LOSEP,986,9,ANALISTA DE GENERACION DE CAPACIDADES 2,SERVIDOR PUBLICO 3,SUSTANTIVO,NOMBRAMIENTO DEFINITIVO,PRESENCIAL,22,202622000000000550000000100051170000100000000,55,,13/8/2014,,,,,0,2,NO,,ORH (+),SERCOP - IlrOoSyyVn,30/8/2027,,,,23938720,2261,,clara@consejodecomunicacion.gob.ec,NO,NO,NO,NO,0,NO,NO,NO,0,0
1718344219,MARCIA CRISTINA,LAYEDRA MOYA,61,ACTIVO,OCUPADO,LOSEP,2368,2,DIRECTOR/A ADMINISTRATIVO/A,NIVEL JERARQUICO SUPERIOR 2 DEC. 601,ADJETIVO,LIBRE NOMBRAMIENTO Y REMOCI N,PRESENCIAL,75,202622000000000010000000100051170000100000000,1,,1/7/2026,,,,,1,0,NO,,B (+),SERCOP - zcWSLIa5Pj,1/2/2027,,,,23938720,2410,,mlayedra@consejodecomunicacion.gob.ec,NO,NO,NO,NO,0,NO,NO,NO,0,0
0603645888,LUIS EDUARDO,LEMA PALTAN,73,ACTIVO,OCUPADO,LOSEP,1676,13,ESPECIALISTA DE DESARROLLO,SERVIDOR PUBLICO 7,SUSTANTIVO,NOMBRAMIENTO PROVISIONAL,PRESENCIAL,41,202622000000000010000000100051170000100000000,1,,1/10/2020,,,,,1,2,NO,,ORH (+),SERCOP - KZGWuviAqx,19/7/2027,,,,23938720,2505,,llema@consejodecomunicacion.gob.ec,NO,NO,NO,NO,0,NO,NO,NO,0,1
1721871802,PAMELA ALEJANDRA,LOGACHO ESCOBAR,60,ACTIVO,OCUPADO,LOSEP,733,6,TECNICO DE GESTION DOCUMENTAL,SERVIDOR PUBLICO DE APOYO 4,SUSTANTIVO,NOMBRAMIENTO PROVISIONAL,PRESENCIAL,58,202622000000000010000000100051170000100000000,1,,1/8/2026,,,,,1,0,NO,,ORH (+),SERCOP - YUKq3gjY9z,10/1/2028,,,,23938720,2401,,plogacho@consejodecomunicacion.gob.ec,NO,NO,NO,NO,0,NO,NO,NO,0,0
1711468437,HECTOR JAVIER,LOPEZ JACOME,73,ACTIVO,OCUPADO,LOSEP,2368,2,DIRECTOR/A DE TECNOLOGIAS DE LA INFORMACION Y COMUNICACION,NIVEL JERARQUICO SUPERIOR 2 DEC. 601,ADJETIVO,LIBRE NOMBRAMIENTO Y REMOCI N,PRESENCIAL,90,202622000000000010000000100051170000100000000,1,,1/9/2026,,,,,0,0,NO,,ORH (-),aKLbZI4Gtq,16/5/ 2028,,,,23938720,2500,,hlopez@consejodecomunicacion.gob.ec,NO,NO,NO,NO,0,NO,NO,NO,0,0
1714914650,JORDANA KARINA,MALDONADO NOVILLO,63,ACTIVO,OCUPADO,LOSEP,2368,2,DIRECTOR/A FINANCIERO/A,NIVEL JERARQUICO SUPERIOR 2 DEC. 601,ADJETIVO,LIBRE NOMBRAMIENTO Y REMOCI N,PRESENCIAL,80,202622000000000010000000100051170000100000000,1,,1/3/2026,,,,,0,1,NO,,B (+),SERCOP - AhPeJ3np1D,8/5/2028,,,,23938720,2420,,jmaldonado@consejodecomunicacion.gob.ec,NO,NO,NO,NO,0,NO,NO,NO,0,0
0912637782,CESAR ANTONIO,MARTIN MORENO,10,ACTIVO,OCUPADO,LOSEP,4283,7,PRESIDENTE/A DEL CONSEJO DE REGULACION,DESARROLLO Y PROMOCION DE LA INFORMACION Y COMUNICACION,NIVEL JERARQUICO SUPERIOR 7 DEC. 624,GOBERNANTE,LIBRE NOMBRAMIENTO Y REMOCI N,PRESENCIAL,5,202622000000000550000000100051170000100000000,55,,16/5/2025,,,,,1,1,NO,,ORH (+),SERCOP - zc5maIGKIh,23/8/2027,,,,23938720,2700,,cmartin@consejodecomunicacion.gob.ec,NO,NO,NO,NO,0,NO,NO,NO,0
1714333182,ANA PAOLA,MARTINEZ SALAZAR,81,ACTIVO,OCUPADO,LOSEP,1676,13,ESPECIALISTA DE EVALUACION DE CONTENIDOS,SERVIDOR PUBLICO 7,SUSTANTIVO,NOMBRAMIENTO DEFINITIVO,PRESENCIAL,46,202622000000000550000000100051170000100000000,55,,10/11/2014,,,,,1,2,NO,,ORH (+),SERCOP - axXdyjMLqh,11/10/2027,,,,23938720,2220,,amartinez@consejodecomunicacion.gob.ec,NO,NO,NO,NO,0,NO,NO,NO,0,0
1717968943,MIGUEL ANGEL,MEDINA RIVERA,13,ACTIVO,OCUPADO,LOSEP,733,6,TECNICO DE IMAGEN Y COMUNICACION,SERVIDOR PUBLICO DE APOYO 4,SUSTANTIVO,NOMBRAMIENTO DEFINITIVO,PRESENCIAL,87,202622000000000010000000100051170000100000000,1,,1/6/2019,,,,,1,1,NO,,ORH (+),SERCOP - aLZ71HlE4O,23/4/2027,,,,23938720,2252,,mmedina@consejodecomunicacion.gob.ec,NO,NO,NO,NO,0,NO,NO,NO,0,0
1712044690,ANAELA NOEMI,MEJIA PADILLA,93,ACTIVO,OCUPADO,LOSEP,1676,13,EXPERTO DE IMAGEN Y COMUNICACION,SERVIDOR PUBLICO 7,SUSTANTIVO,NOMBRAMIENTO DEFINITIVO,PRESENCIAL,94,202622000000000550000000100051170000100000000,55,,1/8/2019,,,,,1,2,NO,,ORH (+),SERCOP - IjBkDhAhpg,25/10/2027,,,,23938720,2245,,amejia@consejodecomunicacion.gob.ec,NO,NO,NO,NO,0,NO,NO,NO,0,0
0200515674,ANGEL RUBEN,MEJIA TAMAYO,52,ACTIVO,OCUPADO,LOSEP,2368,2,DIRECTOR/A DE PATROCINIO,NIVEL JERARQUICO SUPERIOR 2 DEC. 601,ADJETIVO,LIBRE NOMBRAMIENTO Y REMOCI N,PRESENCIAL,120,202622000000000010000000100051170000100000000,1,,11/11/2025,,,,,1,1,NO,,B (+),SERCOP - Fj5ydiPKPp,14/6/2027,,,,23938720,2810,,armejia@consejodecomunicacion.gob.ec,NO,NO,NO,NO,0,NO,NO,NO,0,0
1712032869,ALEXANDRA DEL ROCIO,MENA O ATE,61,ACTIVO,OCUPADO,LOSEP,1212,11,ANALISTA DE SERVICIOS INSTITUCIONALES 2,SERVIDOR PUBLICO 5,SUSTANTIVO,NOMBRAMIENTO DEFINITIVO,PRESENCIAL,53,202622000000000010000000100051170000100000000,1,,21/11/2013,,,,,1,1,NO,,ORH (+),SERCOP - HPkAHvpQ5i,5/7/2027,,,,23938720,2413,,amena@consejodecomunicacion.gob.ec,NO,NO,NO,NO,0,NO,NO,NO,0,0
1717261117,JUAN SEBASTIAN,MENA RONQUILLO,72,ACTIVO,OCUPADO,LOSEP,1676,13,ESPECIALISTA DE PLANIFICACION,SERVIDOR PUBLICO 7,SUSTANTIVO,NOMBRAMIENTO PROVISIONAL,PRESENCIAL,28,202622000000000010000000100051170000100000000,1,,1/11/2021,,,,,0,1,NO,,ARH (+),SERCOP - TfWl7KHxL0,1/3/2027,,,,23938720,2612,,jmena@consejodecomunicacion.gob.ec,NO,NO,NO,NO,0,NO,NO,NO,0,0
0502733736,MARIA ISABEL,MERIZALDE OCA A,12,ACTIVO,OCUPADO,LOSEP,2418,3,SECRETARIO/A GENERAL,NIVEL JERARQUICO SUPERIOR 3 DEC. 135,ADJETIVO,LIBRE NOMBRAMIENTO Y REMOCI N,PRESENCIAL,15,202622000000000010000000100051170000100000000,1,,1/7/2025,,,,,1,1,NO,,ORH (+),SERCOP - BsdA1hwJuE,2/8/2027,,,,23938720,2100,,mmerizalde@consejoacomunicacion.gob.ec,NO,NO,NO,NO,0,NO,NO,NO,0,0
1715312540,ANDRES DAVID,MIER ANGULO,81,ACTIVO,OCUPADO,LOSEP,986,9,ANALISTA DE EVALUACION DE CONTENIDOS 2,SERVIDOR PUBLICO 3,SUSTANTIVO,NOMBRAMIENTO DEFINITIVO,PRESENCIAL,19,202622000000000550000000100051170000100000000,55,,2/9/2015,,,,,1,1,NO,,ARH (+),SERCOP - drRdyV7Pdm,19/10/2026,,,,23938720,2224,,amier@consejodecomunicacion.gob.ec,NO,NO,NO,NO,0,NO,NO,NO,0,0
1103837033,LEO RAUL,MIRANDA APOLO,91,ACTIVO,OCUPADO,LOSEP,1212,11,ANALISTA DE FORTALECIMIENTO DE COMPETENCIAS 2,SERVIDOR PUBLICO 5,SUSTANTIVO,NOMBRAMIENTO PROVISIONAL,PRESENCIAL,16,202622000000000550000000100051170000100000000,55,,3/5/2022,,,,,1,1,NO,,ORH (+),SERCOP - GFRDYEaQvJ,9/9/2027,,,,23938720,2268,,lmiranda@consejodecomunicacion.gob.ec,NO,NO,NO,NO,0,NO,NO,NO,0,2
1707045397,FRAN GUSTAVO,MOLINA MINCHALO,93,ACTIVO,OCUPADO,LOSEP,1676,13,ESPECIALISTA DE INVESTIGACION,SERVIDOR PUBLICO 7,SUSTANTIVO,NOMBRAMIENTO DEFINITIVO,PRESENCIAL,51,202622000000000550000000100051170000100000000,55,,1/6/2018,,,,,0,1,NO,,ORH (+),SERCOP - QLFwljZveA,12/7/2027,,,,23938720,2276,,gmolina@consejodecomunicacion.gob.ec,NO,NO,NO,NO,0,NO,NO,NO,0,1
1707593214,JOHNNATAN MAURICIO,MONTALVO LEIVA,93,ACTIVO,OCUPADO,LOSEP,2597,4,DIRECTOR/A TECNICO/A DE PROTECCION DE DERECHOS,NIVEL JERARQUICO SUPERIOR 4 DEC. 624,SUSTANTIVO,LIBRE NOMBRAMIENTO Y REMOCI N,PRESENCIAL,55,202622000000000550000000100051170000100000000,55,,29/7/2026,,,,,0,0,NO,,ARH (+),,,,,,23938720,2812,,jmontalvo@consejodecomunicacion.gob.ec,NO,NO,NO,NO,0,NO,NO,NO,0,0
1710418037,MICHELLE JUDITH,MORETTI PAREDES,92,ACTIVO,OCUPADO,LOSEP,986,9,PERIODISTA,SERVIDOR PUBLICO 3,SUSTANTIVO,NOMBRAMIENTO DEFINITIVO,PRESENCIAL,54,202622000000000550000000100051170000100000000,55,,23/9/2015,,,,,0,1,NO,,ORH (+),SERCOP - ZpsaxBpP8y,28/2/2028,,,,23938720,2279,,mmoretti@consejodecomunicacion.gob.ec,NO,NO,NO,NO,0,NO,NO,NO,0,0
1717982639,FRANCISCO JAVIER,OBANDO CULQUI,13,ACTIVO,OCUPADO,LOSEP,1676,13,EXPERTO DE IMAGEN Y COMUNICACION,SERVIDOR PUBLICO 7,SUSTANTIVO,NOMBRAMIENTO DEFINITIVO,PRESENCIAL,89,202622000000000010000000100051170000100000000,1,,1/8/2019,,,,,0,1,NO,,ORH (+),SERCOP - ndwL4VzIPv,22/2/2027,,,,23938720,2277,,fobando@consejodecomunicacion.gob.ec,NO,NO,NO,NO,0,NO,NO,NO,0,0
1721629986,ANDREA FERNANDA,ORDO EZ MALDONADO,81,ACTIVO,OCUPADO,LOSEP,1212,11,ANALISTA DE IMAGEN Y COMUNICACION 2,SERVIDOR PUBLICO 5,SUSTANTIVO,NOMBRAMIENTO DEFINITIVO,PRESENCIAL,95,202622000000000550000000100051170000100000000,55,,1/8/2019,,,,,0,1,NO,,ORH (+),SERCOP - 70UVeGbwKu,13/9/2027,,,,23938720,2222,,aordonez@consejodecomunicacion.gob.ec,NO,NO,NO,NO,0,NO,NO,NO,0,0
1716185994,MARIA LORENA,ORTIZ NAVARRO,91,ACTIVO,OCUPADO,LOSEP,1676,13,ESPECIALISTA DE FORTALECIMIENTO DE COMPETENCIAS,SERVIDOR PUBLICO 7,SUSTANTIVO,NOMBRAMIENTO DEFINITIVO,PRESENCIAL,64,202622000000000550000000100051170000100000000,55,,1/12/2017,,,,,1,2,NO,,B (+),SERCOP - EOkdmYDDlm,11/10/2027,,,,23938720,2263,,mortiz@consejodecomunicacion.gob.ec,NO,NO,NO,NO,0,NO,NO,NO,0,0
1714503172,LUIS ALBERTO,PALACIOS ZHINGRE,70,ACTIVO,OCUPADO,LOSEP,3247,5,COORDINADOR/A GENERAL DE PLANIFICACION Y GESTION ESTRATEGICA,NIVEL JERARQUICO SUPERIOR 5 DEC.624,ADJETIVO,LIBRE NOMBRAMIENTO Y REMOCI N,PRESENCIAL,95,202622000000000010000000100051170000100000000,1,,16/6/2025,,,,,1,1,NO,,ORH (+),SERCOP - Mf72XG9DnI,5/7/2027,,,,23938720,2600,,lpalacios@consejodecomunicacion.gob.ec,NO,NO,NO,NO,0,NO,NO,NO,0,0
1103677322,JENNY PATRICIA,PAUTA AGUINSACA,91,ACTIVO,OCUPADO,LOSEP,2597,4,DIRECTOR/A TECNICO/A DE FORTALECIMIENTO DE COMPETENCIAS,NIVEL JERARQUICO SUPERIOR 4 DEC. 624,SUSTANTIVO,LIBRE NOMBRAMIENTO Y REMOCI N,PRESENCIAL,65,202622000000000550000000100051170000100000000,55,,1/3/2024,,,,,0,1,NO,,ORH (+),SERCOP - QD1yoPY1oU,13/3/2028,,,,23938720,2260,,jpauta@consejodecomunicacion.gob.ec,NO,NO,NO,NO,0,NO,NO,NO,0,2
1707163992,ORFA IRENE,REINOSO ANANGONO,12,ACTIVO,OCUPADO,LOSEP,733,6,SECRETARIO/A EJECUTIVO/A 1,SERVIDOR PUBLICO DE APOYO 4,SUSTANTIVO,NOMBRAMIENTO PROVISIONAL,PRESENCIAL,57,202622000000000010000000100051170000100000000,1,,10/11/2014,,,,,1,2,NO,,ARH (+),SERCOP - SNhXy2CSnw,2/8/2027,,,,23938720,2103,,oreinoso@consejodecomunicacion.gob.ec,NO,NO,NO,NO,0,NO,NO,NO,0,3
1104055262,SONIA CRISTINA,REYES ALVARADO,53,ACTIVO,OCUPADO,LOSEP,2368,2,DIRECTOR/A DE ASESORIA JURIDICA,NIVEL JERARQUICO SUPERIOR 2 DEC. 601,ADJETIVO,LIBRE NOMBRAMIENTO Y REMOCI N,PRESENCIAL,115,202622000000000010000000100051170000100000000,1,,21/6/2021,,,,,0,1,NO,,ORH (+),SERCOP - inKsbKhC23,10/5/2027,,,,23938720,2240,,creyes@consejodecomunicacion.gob.ec,NO,NO,NO,NO,0,NO,NO,NO,0,1
1706732078,MANUEL RICARDO,RIVAS BRAVO,14,ACTIVO,OCUPADO,LOSEP,2597,4,PRESIDENTE/A DEL MECANISMO DE PREVENCION Y PROTECCION DEL TRABAJO PERIODISTICO,NIVEL JERARQUICO SUPERIOR 4 DEC. 624,SUSTANTIVO,LIBRE NOMBRAMIENTO Y REMOCI N,PRESENCIAL,4,202622000000000550000000200051170000100000000,55,,6/3/2025,,,,,0,1,NO,,ARH (+),SERCOP - xjFKlR4sao,15/3/2027,,,,23938720,2202,,rrivas@consejodecomunicacion.gob.ec,NO,NO,NO,NO,0,NO,NO,NO,0,1
1718618208,PAMELA ELIZABETH,RIVERA ALVAREZ,62,ACTIVO,OCUPADO,LOSEP,2368,2,DIRECTOR/A DE ADMINISTRACION DEL TALENTO HUMANO,NIVEL JERARQUICO SUPERIOR 2 DEC. 601,ADJETIVO,LIBRE NOMBRAMIENTO Y REMOCI N,PRESENCIAL,85,202622000000000010000000100051170000100000000,1,,20/4/2026,,,,,0,0,NO,,ARH (+),SERCOP - 63kHSC0PbG,12/7/2027,,,,23938720,2430,,privera@consejodecomunicacion.gob.ec,NO,NO,NO,NO,0,NO,NO,NO,0,0
1712249950,KARINA ALEXANDRA,ROMERO MICHILENA,63,ACTIVO,OCUPADO,LOSEP,1676,13,EXPERTO DE CONTABILIDAD,SERVIDOR PUBLICO 7,SUSTANTIVO,NOMBRAMIENTO DEFINITIVO,PRESENCIAL,97,202622000000000010000000100051170000100000000,1,,1/8/2019,,,,,1,1,NO,,ARH (+),SERCOP - MLmERsDDRA,5/7/2027,,,,23938720,2421,,kromero@consejodecomunicacion.gob.ec,NO,NO,NO,NO,0,NO,NO,NO,0,1
1713762696,ABDON RAMIRO,ROSERO MI O,82,ACTIVO,OCUPADO,LOSEP,2597,4,DIRECTOR/A TECNICO/A DE MONITOREO Y SEGUIMIENTO DE LA INFORMACION Y COMUNICACION,NIVEL JERARQUICO SUPERIOR 4 DEC. 624,SUSTANTIVO,LIBRE NOMBRAMIENTO Y REMOCI N,PRESENCIAL,60,202622000000000550000000100051170000100000000,55,,1/6/2025,,,,,1,1,NO,,ARH (+),SERCOP - 863MqUyaPU,31/5/2027,,,,23938720,2705,,arosero@consejodecomunicacion.gob.ec,NO,NO,NO,NO,0,NO,NO,NO,0,0
1002794665,PAOLA FERNANDA,RUIZ PAREDES,82,ACTIVO,OCUPADO,LOSEP,1676,13,EXPERTO DE VIGILANCIA Y CONTROL DE MEDIOS IMPRESOS,SERVIDOR PUBLICO 7,SUSTANTIVO,NOMBRAMIENTO DEFINITIVO,PRESENCIAL,81,202622000000000550000000100051170000100000000,55,,1/6/2019,,,,,0,1,NO,,ORH (+),SERCOP - 93b39pJ5xJ,11/10/2027,,,,23938720,2248,,pruiz@consejodecomunicacion.gob.ec,NO,NO,NO,NO,0,NO,NO,NO,0,2
1711702504,WILLIAM ALFONSO,SALAZAR SALAZAR,61,ACTIVO,OCUPADO,CODIGO DEL TRABAJO,470,3,CONDUCTOR ADMINISTRATIVO,NIVEL 3,SUSTANTIVO,CONTRATO DE SERVICIOS OCASIONALES,PRESENCIAL,5,202622000000000010000000100051170000100000000,1,,28/3/2014,,,,,1,1,NO,,ORH (+),SERCOP - s3yVrDKpDo,15/11/2027,,,,23938720,2417,,wsalazar@consejodecomunicacion.gob.ec,NO,NO,NO,NO,0,NO,NO,NO,0,1
1722517669,DANIEL PABLO,SANCHEZ GAVILANEZ,62,ACTIVO,OCUPADO,LOSEP,1212,11,ANALISTA DE TALENTO HUMANO 2,SERVIDOR PUBLICO 5,SUSTANTIVO,NOMBRAMIENTO PROVISIONAL,PRESENCIAL,49,202622000000000010000000100051170000100000000,1,,1/6/2026,,,,,0,0,NO,,ORH (+),SERCOP - ZeE12urm2N,12/6/2028,,,,23938720,2422,,dsanchez@consejodecomunicacion.gob.ec,NO,NO,NO,NO,0,NO,NO,NO,0,0
0926747502,EVELYN LISSETTE,SOLORZANO PINTAG,61,ACTIVO,OCUPADO,LOSEP,1676,13,ESPECIALISTA DE COMPRAS PUBLICAS,SERVIDOR PUBLICO 7,SUSTANTIVO,NOMBRAMIENTO PROVISIONAL,PRESENCIAL,39,202622000000000010000000100051170000100000000,1,,2/8/2021,,,,,1,1,NO,,ORH (+),SERCOP - Tkwz6bJRSU,3/7/2028,,,,23938720,2412,,esolorzano@consejodecomunicacion.gob.ec,NO,NO,NO,NO,0,NO,NO,NO,0,0
1803533049,PATRICIO WILFRIDO,SORIA MONTERO,73,ACTIVO,OCUPADO,LOSEP,1676,13,ESPECIALISTA DE INFRAESTRUCTURA,SERVIDOR PUBLICO 7,SUSTANTIVO,NOMBRAMIENTO DEFINITIVO,PRESENCIAL,12,202622000000000010000000100051170000100000000,1,,6/10/2015,,,,,0,1,NO,,ORH (+),SERCOP - x8bRwZDSzq,5/7/2027,,,,23938720,2501,,psoria@consejodecomunicacion.gob.ec,NO,NO,NO,NO,0,NO,NO,NO,0,0
1713196291,ADELA PAULINA,SUAREZ CARRERA,62,ACTIVO,OCUPADO,LOSEP,1676,13,ESPECIALISTA DE SERVICIOS INSTITUCIONALES,SERVIDOR PUBLICO 7,SUSTANTIVO,NOMBRAMIENTO PROVISIONAL,PRESENCIAL,38,202622000000000010000000100051170000100000000,1,,1/10/2025,,,,,0,0,NO,,ARH (+),SERCOP - MHgLV9asxn,19/7/2027,,,,23938720,2401,,asuarez@consejodecomunicacion.gob.ec,NO,NO,NO,NO,0,NO,NO,NO,0,2
1716710874,BOLIVAR DANIEL,SUAREZ VELASTEGUI,61,ACTIVO,OCUPADO,CODIGO DEL TRABAJO,470,3,CONDUCTOR ADMINISTRATIVO,NIVEL 3,SUSTANTIVO,CONTRATO DE SERVICIOS OCASIONALES,PRESENCIAL,16,202622000000000010000000100051170000100000000,1,,1/7/2025,,,,,1,1,NO,,ORH (+),SERCOP - xkewQ4ZLO6,12/7/2027,,,,23938720,2417,,bsuarez@consejodecomunicacion.gob.ec,NO,NO,NO,NO,0,NO,NO,NO,0,0
1720932456,CYDIA CAROLINA,TAPIA CARDENAS,82,ACTIVO,OCUPADO,LOSEP,1676,13,EXPERTO DE AUDITORIA TECNICA,SERVIDOR PUBLICO 7,SUSTANTIVO,NOMBRAMIENTO DEFINITIVO,PRESENCIAL,83,202622000000000550000000100051170000100000000,55,,1/6/2019,,,,,1,1,NO,,ORH (+),SERCOP - 1nOv7D9HiK,23/8/2027,,,,23938720,2227,,ctapia@consejodecomunicacion.gob.ec,NO,NO,NO,NO,0,NO,NO,NO,0,0
1725889115,JUAN FRANCISCO,TREJO FLORES,83,ACTIVO,OCUPADO,LOSEP,2597,4,DIRECTOR/A TECNICO/A DE NORMATIVA,NIVEL JERARQUICO SUPERIOR 4 DEC. 624,SUSTANTIVO,LIBRE NOMBRAMIENTO Y REMOCI N,PRESENCIAL,45,202622000000000550000000100051170000100000000,55,,1/9/2021,,,,,0,1,NO,,ARH (+),SERCOP - CzguOA7ZFl,23/8/2027,,,,23938720,2210,,jtrejo@consejodecomunicacion.gob.ec,NO,NO,NO,NO,0,NO,NO,NO,0,0
1714765177,DIANA FERNANDA,VALENZUELA AGUILAR,50,ACTIVO,OCUPADO,LOSEP,817,7,SECRETARIO/A EJECUTIVO/A 2,SERVIDOR PUBLICO 1,SUSTANTIVO,NOMBRAMIENTO PROVISIONAL,PRESENCIAL,27,202622000000000550000000100051170000100000000,55,,1/9/2017,,,,,1,1,NO,,ORH (+),SERCOP - gkLjE6jnYV,18/1/2027,,,,23938720,2272,,dvalenzuela@consejodecomunicacion.gob.ec,NO,NO,NO,NO,0,NO,NO,NO,0,1
1719216556,KATALINA ELIZABETH,VALLEJO CARRION,83,ACTIVO,OCUPADO,LOSEP,986,9,ANALISTA DE REGULACION 1,SERVIDOR PUBLICO 3,SUSTANTIVO,NOMBRAMIENTO PROVISIONAL,PRESENCIAL,6,202622000000000550000000100051170000100000000,55,,1/12/2025,,,,,1,0,NO,,B (+),SERCOP - iAu9ojcVDT,20/12/2027,,,,23938720,2211,,kvallejo@consejodecomunicacion.gob.ec,NO,NO,NO,NO,0,NO,NO,NO,0,0
1713590063,CARLOS WASHINGTON,VIZUETE CAMPA A,81,ACTIVO,OCUPADO,LOSEP,1676,13,ESPECIALISTA DE GENERACION DE INSUMOS COGNITIVOS,SERVIDOR PUBLICO 7,SUSTANTIVO,NOMBRAMIENTO DEFINITIVO,PRESENCIAL,5,202622000000000550000000100051170000100000000,55,,22/1/2014,,,,,1,1,NO,,ORH (+),SERCOP - OhB0pJDATF,9/11/2026,,,,23938720,2221,,cvizuete@consejodecomunicacion.gob.ec,NO,NO,NO,NO,0,NO,NO,NO,0,0
1713744298,CESAR ANDRES,YUGCHA REASCOS,91,ACTIVO,OCUPADO,LOSEP,1212,11,ANALISTA DE FORTALECIMIENTO DE COMPETENCIAS 2,SERVIDOR PUBLICO 5,SUSTANTIVO,NOMBRAMIENTO PROVISIONAL,PRESENCIAL,77,202622000000000550000000100051170000100000000,55,,1/5/2017,,,,,1,1,NO,,ORH (+),SERCOP - K4feO0bV2Q,30/8/2027,,,,23938720,2265,,cyugcha@consejodecomunicacion.gob.ec,NO,NO,NO,NO,0,NO,NO,NO,0,0