"tabla","clasificacion","semilla_detectada","archivos_que_referencian"
"adq.articulo","MAESTROS_ADICIONALES_REVISAR","False","2026_04_21_000002_create_adq_tables.php | 2026_04_21_000003_add_marca_to_adq_articulo.php | 2026_04_21_000004_create_adq_catalogo_inventario.php | 2026_04_22_000006_adq_monetario.php | 2026_04_22_000008_adq_estado_fisico_articulo.php | 2026_04_23_000012_adq_imagen_articulo.php | 2026_04_23_000013_adq_egreso.php | 2026_04_23_000015_adq_articulo_precio_4dec.php | 2026_04_23_000016_adq_5dec_completo.php | 2026_04_28_000019_adq_kardex.php | ArticulosSeeder.php"
"adq.catalogo_inventario","EXPORTAR_BASE","True","2026_04_21_000004_create_adq_catalogo_inventario.php | 2026_04_21_000005_create_adq_catalogo_nivel1.php | ArticulosSeeder.php | CatalogoInventarioSeeder.php"
"adq.catalogo_nivel1","EXPORTAR_BASE","True","2026_04_21_000005_create_adq_catalogo_nivel1.php | CatalogoNivel1Seeder.php"
"adq.configuracion","EXPORTAR_BASE","True","2026_04_21_000002_create_adq_tables.php"
"adq.egreso","OPERACION_O_LEGADO_REVISAR","False","2026_04_23_000013_adq_egreso.php | 2026_04_23_000015_adq_articulo_precio_4dec.php | 2026_04_23_000016_adq_5dec_completo.php | 2026_04_24_000018_adq_amounts_2dec.php"
"adq.egreso_det","OPERACION_O_LEGADO_REVISAR","False","2026_04_23_000013_adq_egreso.php | 2026_04_23_000015_adq_articulo_precio_4dec.php | 2026_04_23_000016_adq_5dec_completo.php | 2026_04_24_000018_adq_amounts_2dec.php"
"adq.iva","EXPORTAR_BASE","True","2026_04_22_000006_adq_monetario.php | 2026_04_22_000007_adq_unidad_medida_iva_fecha.php | 2026_04_23_000013_adq_egreso.php | ArticulosSeeder.php"
"adq.kardex","OPERACION_O_LEGADO_REVISAR","False","2026_04_28_000019_adq_kardex.php | 2026_04_29_000021_adq_kardex_valor_saldo.php"
"adq.orden_compra","OPERACION_O_LEGADO_REVISAR","False","2026_04_21_000002_create_adq_tables.php | 2026_04_22_000006_adq_monetario.php | 2026_04_23_000009_adq_secuencial_ingreso.php | 2026_04_23_000010_adq_precio_anterior_det.php | 2026_04_23_000011_adq_motivo_reverso.php | 2026_04_23_000014_adq_decimales4.php | 2026_04_23_000015_adq_articulo_precio_4dec.php | 2026_04_23_000016_adq_5dec_completo.php | 2026_04_24_000018_adq_amounts_2dec.php | 2026_04_29_000020_adq_descuento.php"
"adq.orden_compra_det","OPERACION_O_LEGADO_REVISAR","False","2026_04_21_000002_create_adq_tables.php | 2026_04_22_000006_adq_monetario.php | 2026_04_23_000010_adq_precio_anterior_det.php | 2026_04_23_000014_adq_decimales4.php | 2026_04_23_000015_adq_articulo_precio_4dec.php | 2026_04_23_000016_adq_5dec_completo.php | 2026_04_24_000018_adq_amounts_2dec.php"
"adq.proceso_contratacion","EXPORTAR_BASE","True","2026_04_24_000017_adq_proceso_contratacion.php"
"adq.proveedor","MAESTROS_ADICIONALES_REVISAR","False","2026_04_21_000002_create_adq_tables.php | 2026_05_15_000040_unify_talleres_proveedores.php"
"adq.proveedor_catalogo","MAESTROS_ADICIONALES_REVISAR","False","2026_04_21_000002_create_adq_tables.php"
"adq.solicitud_material","OPERACION_O_LEGADO_REVISAR","False","2026_04_21_000002_create_adq_tables.php | 2026_06_25_000084_add_depto_beneficiario_to_solicitud_material.php"
"adq.solicitud_material_det","OPERACION_O_LEGADO_REVISAR","False","2026_04_21_000002_create_adq_tables.php"
"adq.unidad_medida","EXPORTAR_BASE","True","2026_04_22_000007_adq_unidad_medida_iva_fecha.php"
"dbo.acc_accion_personal","OPERACION_O_LEGADO_REVISAR","False","2026_04_15_000002_create_acc_accion_personal.php | 2026_04_16_000001_add_pdf_firmado_to_acc_accion_personal.php | 2026_05_27_000057_nullable_numero_accion_acc_accion_personal.php | 2026_07_07_000087_add_firmantes_to_accion_personal.php | 2026_08_05_000095_add_medio_to_acc_accion_personal.php | 2026_08_05_000097_add_especificacion_to_acc_accion_personal.php"
"dbo.ad_departamento","EXPORTAR_BASE","False","2026_04_09_000001_add_estado_to_ad_departamento.php | 2026_05_12_000032_add_auditoria_to_departamento_empleado.php | 2026_09_09_000108_widen_razon_descripcion_and_permiso_razon.php"
"dbo.ad_departamento_identif","EXPORTAR_BASE","False",""
"dbo.ad_empleado","PERSONAS_O_DISPOSITIVOS_REVISAR","False","2026_04_15_000001_add_distributivo_fields_to_ad_empleado.php | 2026_04_17_000002_create_nom_he_planificacion_cab.php | 2026_04_17_000004_create_nom_he_registro.php | 2026_04_21_000002_create_adq_tables.php | 2026_05_04_000022_add_permite_marcacion_remota.php | 2026_05_05_000024_nom_decimo_tercero.php | 2026_05_05_000025_nom_sbu_y_decimo_cuarto.php | 2026_05_05_000026_nom_fondos_reserva.php | 2026_05_06_000027_nom_rol_pago.php | 2026_05_08_000028_trans_vehiculos.php | 2026_05_11_000029_trans_mejoras.php | 2026_05_12_000031_add_auditoria_to_configuracion.php | 2026_05_12_000032_add_auditoria_to_departamento_empleado.php | 2026_05_13_000036_trans_vale_combustible.php | 2026_05_21_000052_empleado_add_foto.php | 2026_05_21_000053_empleado_foto_fix_type.php | 2026_05_22_000054_add_programa_actividad_to_ad_empleado.php | 2026_05_28_000063_add_sexo_tipo_sangre_to_ad_empleado.php | 2026_05_29_000064_rename_remoto_to_temporal.php | 2026_05_29_000065_add_sercop_to_ad_empleado.php | 2026_05_29_000070_add_social_fields_to_ad_empleado.php | 2026_05_29_000071_create_ad_empleado_hijo.php | 2026_06_10_000073_add_motivo_salida_to_empleado.php | 2026_06_16_000074_create_com_solicitud_tables.php | 2026_06_16_000081_datos_bancarios_empleado_externo.php | 2026_06_18_000082_ajustes_comisiones_v2.php | 2026_07_07_000086_create_empleado_teletrabajo_and_biometrico.php | 2026_07_08_000088_create_tecnologia_tables.php | 2026_07_30_000093_add_extension_to_ad_empleado.php | 2026_08_25_000102_add_es_comisionado_entrante_to_empleado.php | 2026_09_09_000108_widen_razon_descripcion_and_permiso_razon.php | 2026_09_10_000109_add_codigo_to_d2_modalidad_laboral.php"
"dbo.ad_empleado_hijo","OPERACION_O_LEGADO_REVISAR","False","2026_05_29_000071_create_ad_empleado_hijo.php"
"dbo.ad_empleado_mail","OPERACION_O_LEGADO_REVISAR","False",""
"dbo.ad_empleado_teletrabajo","OPERACION_O_LEGADO_REVISAR","False","2026_07_07_000086_create_empleado_teletrabajo_and_biometrico.php"
"dbo.ad_enfermedad_catastrofica","EXPORTAR_BASE","True","2026_05_29_000069_create_catalogos_sociales.php | 2026_08_25_000101_add_otros_to_enfermedad_catastrofica.php"
"dbo.ad_grupo_prioritario","EXPORTAR_BASE","True","2026_05_29_000069_create_catalogos_sociales.php"
"dbo.ad_grupo_vulnerable","EXPORTAR_BASE","True","2026_05_29_000069_create_catalogos_sociales.php"
"dbo.ad_permisos_area","PERSONAS_O_DISPOSITIVOS_REVISAR","False",""
"dbo.ad_tipo_discapacidad","EXPORTAR_BASE","True","2026_05_29_000069_create_catalogos_sociales.php"
"dbo.admin_opcion","EXPORTAR_BASE","True","2026_03_31_000002_seed_reporte_planificacion_config.php"
"dbo.admin_rol","EXPORTAR_BASE","True","2026_06_16_000078_alter_admin_rol_descripcion.php | 2026_06_18_000082_ajustes_comisiones_v2.php | 2026_07_08_000088_create_tecnologia_tables.php | 2026_08_25_000103_add_rol_suministros.php | 2026_08_25_000104_add_rol_comisiones.php"
"dbo.admin_rol_opcion","EXPORTAR_BASE","False",""
"dbo.admin_usuario_rol","PERSONAS_O_DISPOSITIVOS_REVISAR","False",""
"dbo.cache","INFRAESTRUCTURA_NO_BASE","False",""
"dbo.cache_locks","INFRAESTRUCTURA_NO_BASE","False",""
"dbo.com_anticipo","OPERACION_O_LEGADO_REVISAR","False","2026_06_16_000075_create_com_anticipo_table.php"
"dbo.com_ciudad","EXPORTAR_BASE","True","2026_06_18_000082_ajustes_comisiones_v2.php"
"dbo.com_coeficiente_pais","EXPORTAR_BASE","True","2026_06_16_000079_com_ajustes_postfinanciero.php"
"dbo.com_ficha_liquidacion","OPERACION_O_LEGADO_REVISAR","False","2026_06_16_000077_create_com_ficha_liquidacion_table.php | 2026_06_16_000079_com_ajustes_postfinanciero.php"
"dbo.com_funcionario_externo","MAESTROS_ADICIONALES_REVISAR","False","2026_06_16_000079_com_ajustes_postfinanciero.php | 2026_06_16_000081_datos_bancarios_empleado_externo.php | 2026_06_18_000082_ajustes_comisiones_v2.php"
"dbo.com_informe","OPERACION_O_LEGADO_REVISAR","False","2026_06_16_000076_create_com_informe_tables.php | 2026_06_18_000082_ajustes_comisiones_v2.php | 2026_09_29_000111_add_destino_to_com_informe.php"
"dbo.com_informe_transporte","OPERACION_O_LEGADO_REVISAR","False","2026_06_16_000076_create_com_informe_tables.php"
"dbo.com_provincia","EXPORTAR_BASE","True","2026_06_18_000082_ajustes_comisiones_v2.php"
"dbo.com_solicitud","OPERACION_O_LEGADO_REVISAR","False","2026_06_16_000074_create_com_solicitud_tables.php | 2026_06_16_000075_create_com_anticipo_table.php | 2026_06_16_000076_create_com_informe_tables.php | 2026_06_16_000077_create_com_ficha_liquidacion_table.php | 2026_06_16_000080_datos_bancarios_por_servidor.php | 2026_06_18_000082_ajustes_comisiones_v2.php | 2026_06_19_000083_devolucion_comision.php"
"dbo.com_solicitud_documento","OPERACION_O_LEGADO_REVISAR","False","2026_06_18_000082_ajustes_comisiones_v2.php"
"dbo.com_solicitud_servidor","OPERACION_O_LEGADO_REVISAR","False","2026_06_16_000074_create_com_solicitud_tables.php | 2026_06_16_000080_datos_bancarios_por_servidor.php"
"dbo.com_solicitud_transporte","OPERACION_O_LEGADO_REVISAR","False","2026_06_16_000074_create_com_solicitud_tables.php"
"dbo.com_tarifa_viatico","EXPORTAR_BASE","True","2026_06_16_000074_create_com_solicitud_tables.php | 2026_06_16_000079_com_ajustes_postfinanciero.php"
"dbo.cord_atrasos","OPERACION_O_LEGADO_REVISAR","False",""
"dbo.cord_permisos","OPERACION_O_LEGADO_REVISAR","False",""
"dbo.cord_permisos_just","OPERACION_O_LEGADO_REVISAR","False",""
"dbo.d2_alerta_marcacion","OPERACION_O_LEGADO_REVISAR","False",""
"dbo.d2_aportes_iess","EXPORTAR_BASE","True","2026_04_15_000001_add_distributivo_fields_to_ad_empleado.php | 2026_05_27_000060_iece_secap_rol_pago.php | 2026_05_27_000061_iece_secap_columns_in_aportes_iess.php | 2026_05_27_000062_add_auditoria_to_aportes_iess.php"
"dbo.d2_auditoria","OPERACION_O_LEGADO_REVISAR","False",""
"dbo.d2_auditoria_concepto","EXPORTAR_BASE","False",""
"dbo.d2_aviso","OPERACION_O_LEGADO_REVISAR","False","2026_05_15_000044_create_avisos.php | 2026_05_15_000045_fix_avisos_columns.php | 2026_05_15_000046_fix_avisos_add_id.php | 2026_05_15_000047_create_aviso_ticker.php"
"dbo.d2_aviso_ticker","OPERACION_O_LEGADO_REVISAR","False","2026_05_15_000047_create_aviso_ticker.php"
"dbo.d2_cab_prog","OPERACION_O_LEGADO_REVISAR","False",""
"dbo.d2_cab_prog_mt","OPERACION_O_LEGADO_REVISAR","False",""
"dbo.d2_cab_turno","EXPORTAR_BASE","False",""
"dbo.d2_cabecera_vacacion","OPERACION_O_LEGADO_REVISAR","False",""
"dbo.d2_cajero","OPERACION_O_LEGADO_REVISAR","False",""
"dbo.d2_cambio_turno","OPERACION_O_LEGADO_REVISAR","False",""
"dbo.d2_certificado_laboral","OPERACION_O_LEGADO_REVISAR","False","2026_06_09_000072_create_certificado_laboral_table.php | 2026_09_03_000106_add_estado_to_d2_certificado_laboral.php"
"dbo.d2_ciudad","EXPORTAR_BASE","False",""
"dbo.d2_clasificacion","EXPORTAR_BASE","False",""
"dbo.d2_colores_web","OPERACION_O_LEGADO_REVISAR","False",""
"dbo.d2_configuracion","EXPORTAR_BASE","True","2026_03_31_000002_seed_reporte_planificacion_config.php | 2026_05_04_000022_add_permite_marcacion_remota.php | 2026_05_12_000030_add_descripcion_to_configuracion.php | 2026_05_12_000031_add_auditoria_to_configuracion.php | 2026_05_15_000044_create_avisos.php | 2026_05_15_000045_fix_avisos_columns.php | 2026_06_16_000079_com_ajustes_postfinanciero.php"
"dbo.d2_consumo_lugar","EXPORTAR_BASE","False",""
"dbo.d2_consumo_temporal","OPERACION_O_LEGADO_REVISAR","False",""
"dbo.d2_contratista","EXPORTAR_BASE","False",""
"dbo.d2_correo","PERSONAS_O_DISPOSITIVOS_REVISAR","False",""
"dbo.d2_costo_consumo","EXPORTAR_BASE","False",""
"dbo.d2_cuadre_marcacion","OPERACION_O_LEGADO_REVISAR","False",""
"dbo.d2_cuadre_ronda","OPERACION_O_LEGADO_REVISAR","False",""
"dbo.d2_detalle_vacacion","OPERACION_O_LEGADO_REVISAR","False",""
"dbo.d2_direcciones_mail","PERSONAS_O_DISPOSITIVOS_REVISAR","False",""
"dbo.d2_empresa","EXPORTAR_BASE","False",""
"dbo.d2_entidad_contratante","EXPORTAR_BASE","False",""
"dbo.d2_estadistica_cab","OPERACION_O_LEGADO_REVISAR","False",""
"dbo.d2_estadistica_detalle","OPERACION_O_LEGADO_REVISAR","False",""
"dbo.d2_fecha","EXPORTAR_BASE","False",""
"dbo.d2_fecha_corte","EXPORTAR_BASE","False",""
"dbo.d2_grupo_ronda","EXPORTAR_BASE","False",""
"dbo.d2_historial_elim","OPERACION_O_LEGADO_REVISAR","False",""
"dbo.d2_horas_extras","OPERACION_O_LEGADO_REVISAR","False",""
"dbo.d2_horas_extras_peticion","OPERACION_O_LEGADO_REVISAR","False",""
"dbo.d2_imagenes_asociadas","OPERACION_O_LEGADO_REVISAR","False",""
"dbo.d2_integracion","PERSONAS_O_DISPOSITIVOS_REVISAR","False",""
"dbo.d2_intentos_cajero","OPERACION_O_LEGADO_REVISAR","False",""
"dbo.d2_jornada","EXPORTAR_BASE","False","2026_04_17_000001_add_porc_extras_to_d2_jornada.php"
"dbo.d2_lista_fecha","EXPORTAR_BASE","False",""
"dbo.d2_lista_fecha_1","EXPORTAR_BASE","False",""
"dbo.d2_lista_servicio","EXPORTAR_BASE","False",""
"dbo.d2_log_correo","OPERACION_O_LEGADO_REVISAR","False",""
"dbo.d2_lugar_consumo","EXPORTAR_BASE","False",""
"dbo.d2_marcacion_temporal","OPERACION_O_LEGADO_REVISAR","False",""
"dbo.d2_modalidad_laboral","EXPORTAR_BASE","True","2026_05_14_000037_create_d2_modalidad_laboral.php | 2026_05_14_000038_add_auditoria_to_d2_modalidad_laboral.php | 2026_09_10_000109_add_codigo_to_d2_modalidad_laboral.php | 2026_09_10_000110_backfill_modalidad_laboral_codigo.php"
"dbo.d2_nac_d2express","OPERACION_O_LEGADO_REVISAR","False",""
"dbo.d2_no_aplica","PERSONAS_O_DISPOSITIVOS_REVISAR","False",""
"dbo.d2_no_programados","OPERACION_O_LEGADO_REVISAR","False",""
"dbo.d2_nomina_cierre","OPERACION_O_LEGADO_REVISAR","False",""
"dbo.d2_pantalla","EXPORTAR_BASE","False",""
"dbo.d2_pantalla_empleado","PERSONAS_O_DISPOSITIVOS_REVISAR","False",""
"dbo.d2_permiso","OPERACION_O_LEGADO_REVISAR","False","2026_03_26_000000_add_tipo_horario_to_d2_permiso.php | 2026_05_27_000058_create_permiso_documento_table.php | 2026_07_20_000091_add_aprobado_en_to_d2_permiso.php | 2026_07_30_000094_add_dias_descuento_efectivo_to_d2_permiso.php | 2026_09_09_000108_widen_razon_descripcion_and_permiso_razon.php"
"dbo.d2_permiso_cajero","OPERACION_O_LEGADO_REVISAR","False",""
"dbo.d2_permiso_documento","OPERACION_O_LEGADO_REVISAR","False","2026_05_27_000058_create_permiso_documento_table.php"
"dbo.d2_peticion_cuadre","OPERACION_O_LEGADO_REVISAR","False",""
"dbo.d2_peticion_empleado","OPERACION_O_LEGADO_REVISAR","False",""
"dbo.d2_prioridad_web","EXPORTAR_BASE","False",""
"dbo.d2_procedencia","EXPORTAR_BASE","False",""
"dbo.d2_proceso","OPERACION_O_LEGADO_REVISAR","False",""
"dbo.d2_programacion","OPERACION_O_LEGADO_REVISAR","False",""
"dbo.d2_programacion_mt","OPERACION_O_LEGADO_REVISAR","False",""
"dbo.d2_programacion_ronda","OPERACION_O_LEGADO_REVISAR","False",""
"dbo.d2_razon","EXPORTAR_BASE","False","2026_05_14_000039_add_estado_auditoria_to_d2_razon.php | 2026_07_06_000085_rename_razon_atraso_entrada.php | 2026_09_09_000108_widen_razon_descripcion_and_permiso_razon.php"
"dbo.d2_reingresos","OPERACION_O_LEGADO_REVISAR","False",""
"dbo.d2_reingresos_empl","OPERACION_O_LEGADO_REVISAR","False",""
"dbo.d2_reporte_prog","OPERACION_O_LEGADO_REVISAR","False",""
"dbo.d2_reportecomparativo","OPERACION_O_LEGADO_REVISAR","False",""
"dbo.d2_resultado","OPERACION_O_LEGADO_REVISAR","False",""
"dbo.d2_ronda","EXPORTAR_BASE","False",""
"dbo.d2_servicios","MAESTROS_ADICIONALES_REVISAR","False",""
"dbo.d2_simulacion","OPERACION_O_LEGADO_REVISAR","False",""
"dbo.d2_supervisor","PERSONAS_O_DISPOSITIVOS_REVISAR","False",""
"dbo.d2_tipo_correo","EXPORTAR_BASE","False",""
"dbo.d2_tipo_marcacion","EXPORTAR_BASE","False",""
"dbo.d2_tipo_obra","EXPORTAR_BASE","False",""
"dbo.d2_transaccion_depto","OPERACION_O_LEGADO_REVISAR","False",""
"dbo.d2_turno","EXPORTAR_BASE","False",""
"dbo.d2_ubicacion","EXPORTAR_BASE","False",""
"dbo.d2_vacacion","OPERACION_O_LEGADO_REVISAR","False","2026_05_19_000051_vac_auditoria_aprobacion.php | 2026_05_26_000055_add_backup_to_d2_vacacion.php | 2026_08_20_000100_add_informe_to_d2_vacacion.php"
"dbo.d2_vacacion_venta","OPERACION_O_LEGADO_REVISAR","False",""
"dbo.d2_zkteco_dispositivo","PERSONAS_O_DISPOSITIVOS_REVISAR","False","2026_05_27_000059_create_zkteco_dispositivo_table.php | 2026_08_28_000105_fix_zkteco_activo_default.php"
"dbo.failed_jobs","INFRAESTRUCTURA_NO_BASE","False",""
"dbo.grupo_empleados_temp","OPERACION_O_LEGADO_REVISAR","False",""
"dbo.horas_extras_temp","OPERACION_O_LEGADO_REVISAR","False",""
"dbo.horas_extras_temp_det","OPERACION_O_LEGADO_REVISAR","False",""
"dbo.job_batches","INFRAESTRUCTURA_NO_BASE","False",""
"dbo.jobs","INFRAESTRUCTURA_NO_BASE","False",""
"dbo.migrations","INFRAESTRUCTURA_NO_BASE","False",""
"dbo.nom_auditoria_log","OPERACION_O_LEGADO_REVISAR","False","2026_05_05_000023_nom_auditoria_log.php | 2026_09_07_000107_widen_accion_and_protect_nom_auditoria_log.php"
"dbo.nom_decimo_cuarto","OPERACION_O_LEGADO_REVISAR","False","2026_05_05_000025_nom_sbu_y_decimo_cuarto.php"
"dbo.nom_decimo_tercero","OPERACION_O_LEGADO_REVISAR","False","2026_05_05_000024_nom_decimo_tercero.php"
"dbo.nom_fondos_reserva","OPERACION_O_LEGADO_REVISAR","False","2026_05_05_000026_nom_fondos_reserva.php"
"dbo.nom_he_planificacion_cab","OPERACION_O_LEGADO_REVISAR","False","2026_04_17_000002_create_nom_he_planificacion_cab.php | 2026_04_17_000003_create_nom_he_planificacion_det.php | 2026_04_17_000004_create_nom_he_registro.php | 2026_04_17_000005_add_autorizacion_to_nom_he_planificacion_cab.php | 2026_05_26_000056_rename_autorizado_to_procesado_in_he.php"
"dbo.nom_he_planificacion_det","OPERACION_O_LEGADO_REVISAR","False","2026_04_17_000003_create_nom_he_planificacion_det.php"
"dbo.nom_he_registro","OPERACION_O_LEGADO_REVISAR","False","2026_04_17_000004_create_nom_he_registro.php | 2026_04_17_000006_add_horas_to_nom_he_registro.php | 2026_05_29_000066_add_devuelto_count_to_he_registro.php"
"dbo.nom_rol_pago_cab","OPERACION_O_LEGADO_REVISAR","False","2026_05_06_000027_nom_rol_pago.php"
"dbo.nom_rol_pago_det","OPERACION_O_LEGADO_REVISAR","False","2026_05_06_000027_nom_rol_pago.php | 2026_05_27_000060_iece_secap_rol_pago.php | 2026_05_29_000067_add_otros_desc_obs_to_rol_pago_det.php | 2026_05_29_000068_add_sanciones_to_rol_pago_det.php"
"dbo.nom_sbu_historico","EXPORTAR_BASE","False","2026_05_05_000025_nom_sbu_y_decimo_cuarto.php"
"dbo.password_reset_tokens","INFRAESTRUCTURA_NO_BASE","False",""
"dbo.personal_access_tokens","INFRAESTRUCTURA_NO_BASE","False",""
"dbo.reportefaltas","OPERACION_O_LEGADO_REVISAR","False",""
"dbo.sessions","INFRAESTRUCTURA_NO_BASE","False",""
"dbo.sg_control_persona","OPERACION_O_LEGADO_REVISAR","False","2026_10_07_000113_fix_control_persona_origen_type.php"
"dbo.sg_huella_digital","OPERACION_O_LEGADO_REVISAR","False",""
"dbo.sg_parametro","EXPORTAR_BASE","False",""
"dbo.sg_secuencial","EXPORTAR_BASE","False",""
"dbo.sg_transaccion","EXPORTAR_BASE","False",""
"dbo.sg_transaccion_adicional","EXPORTAR_BASE","False",""
"dbo.sms_mensaje","OPERACION_O_LEGADO_REVISAR","False",""
"dbo.supervisor_area","PERSONAS_O_DISPOSITIVOS_REVISAR","False","2026_10_06_000112_allow_two_supervisors_per_root_area.php"
"dbo.ti_actividad_mantenimiento","EXPORTAR_BASE","True","2026_07_08_000088_create_tecnologia_tables.php"
"dbo.ti_asignacion","OPERACION_O_LEGADO_REVISAR","False","2026_07_08_000088_create_tecnologia_tables.php"
"dbo.ti_equipo","MAESTROS_ADICIONALES_REVISAR","False","2026_07_08_000088_create_tecnologia_tables.php | 2026_07_09_000089_widen_ti_equipo_marca_modelo.php | 2026_07_20_000092_create_ti_pieza_tables.php | 2026_08_08_000099_add_baja_fields_to_ti_equipo.php"
"dbo.ti_mantenimiento","OPERACION_O_LEGADO_REVISAR","False","2026_07_08_000088_create_tecnologia_tables.php | 2026_07_10_000090_add_externo_to_ti_mantenimiento.php | 2026_07_20_000092_create_ti_pieza_tables.php | 2026_08_08_000098_fix_ti_mantenimiento_unique_preventivo.php"
"dbo.ti_mantenimiento_detalle","OPERACION_O_LEGADO_REVISAR","False","2026_07_08_000088_create_tecnologia_tables.php"
"dbo.ti_pieza","MAESTROS_ADICIONALES_REVISAR","False","2026_07_20_000092_create_ti_pieza_tables.php"
"dbo.ti_pieza_movimiento","OPERACION_O_LEGADO_REVISAR","False","2026_07_20_000092_create_ti_pieza_tables.php"
"dbo.ti_tipo_equipo","EXPORTAR_BASE","True","2026_07_08_000088_create_tecnologia_tables.php"
"dbo.trans_mantenimiento","OPERACION_O_LEGADO_REVISAR","False","2026_05_08_000028_trans_vehiculos.php | 2026_05_11_000029_trans_mejoras.php | 2026_05_13_000033_trans_talleres_tipos_plan.php | 2026_05_15_000040_unify_talleres_proveedores.php | 2026_05_15_000042_add_tipo_actividad_to_mantenimiento_actividad.php | 2026_05_15_000043_fix_tipo_length_trans_mantenimiento.php | 2026_07_31_000096_add_km_finalizacion_to_trans_mantenimiento.php | 2026_08_07_000097_add_cantidad_to_trans_mantenimiento_actividad.php"
"dbo.trans_mantenimiento_actividad","OPERACION_O_LEGADO_REVISAR","False","2026_05_13_000033_trans_talleres_tipos_plan.php | 2026_05_15_000042_add_tipo_actividad_to_mantenimiento_actividad.php | 2026_08_07_000097_add_cantidad_to_trans_mantenimiento_actividad.php"
"dbo.trans_plan_preventivo_cab","MAESTROS_ADICIONALES_REVISAR","False","2026_05_13_000033_trans_talleres_tipos_plan.php"
"dbo.trans_plan_preventivo_det","MAESTROS_ADICIONALES_REVISAR","False","2026_05_13_000033_trans_talleres_tipos_plan.php | 2026_05_13_000035_add_tipo_cantidad_to_plan_preventivo_det.php"
"dbo.trans_solicitud_mov","OPERACION_O_LEGADO_REVISAR","False","2026_05_08_000028_trans_vehiculos.php | 2026_05_11_000029_trans_mejoras.php | 2026_05_18_000050_trans_solicitud_mov_campos.php"
"dbo.trans_taller","MAESTROS_ADICIONALES_REVISAR","False","2026_05_13_000033_trans_talleres_tipos_plan.php | 2026_05_15_000040_unify_talleres_proveedores.php"
"dbo.trans_tipo_mantenimiento","EXPORTAR_BASE","False","2026_05_13_000033_trans_talleres_tipos_plan.php | 2026_05_13_000034_drop_categoria_from_tipo_mantenimiento.php"
"dbo.trans_vale_combustible","OPERACION_O_LEGADO_REVISAR","False","2026_05_13_000036_trans_vale_combustible.php | 2026_05_15_000041_add_fecha_comprobante_to_vale_combustible.php"
"dbo.trans_vehiculo","MAESTROS_ADICIONALES_REVISAR","False","2026_05_08_000028_trans_vehiculos.php | 2026_05_11_000029_trans_mejoras.php | 2026_05_13_000033_trans_talleres_tipos_plan.php | 2026_05_13_000036_trans_vale_combustible.php"
"dbo.users","INFRAESTRUCTURA_NO_BASE","False",""
"dbo.vac_liquidacion_historico","OPERACION_O_LEGADO_REVISAR","False","2026_04_06_000002_create_vac_liquidacion_historico.php"
"dbo.vac_periodo_planificacion","MAESTROS_ADICIONALES_REVISAR","False","2026_03_30_000001_create_vac_periodo_planificacion.php"
"dbo.vac_planificacion_cab","OPERACION_O_LEGADO_REVISAR","False","2026_03_30_000002_create_vac_planificacion_cab.php | 2026_03_30_000003_create_vac_planificacion_det.php"
"dbo.vac_planificacion_det","OPERACION_O_LEGADO_REVISAR","False","2026_03_30_000003_create_vac_planificacion_det.php"
"dbo.vac_reporte_planificacion","OPERACION_O_LEGADO_REVISAR","False","2026_03_31_000001_create_vac_reporte_planificacion_table.php"
"dbo.web_autorizacion_teletrabajo","OPERACION_O_LEGADO_REVISAR","False",""
"dbo.web_actividad","OPERACION_O_LEGADO_REVISAR","False",""
"dbo.web_ad_empleado","OPERACION_O_LEGADO_REVISAR","False",""
"dbo.web_control_persona","OPERACION_O_LEGADO_REVISAR","False",""
"dbo.web_empleado_teletrabajo","OPERACION_O_LEGADO_REVISAR","False",""
"dbo.web_log_procesos","OPERACION_O_LEGADO_REVISAR","False",""
"public.cache","INFRAESTRUCTURA_NO_BASE","False",""
"public.cache_locks","INFRAESTRUCTURA_NO_BASE","False",""
"public.failed_jobs","INFRAESTRUCTURA_NO_BASE","False",""
"public.job_batches","INFRAESTRUCTURA_NO_BASE","False",""
"public.jobs","INFRAESTRUCTURA_NO_BASE","False",""
"public.migrations","INFRAESTRUCTURA_NO_BASE","False",""
"public.password_reset_tokens","INFRAESTRUCTURA_NO_BASE","False",""
"public.personal_access_tokens","INFRAESTRUCTURA_NO_BASE","False",""
"public.sessions","INFRAESTRUCTURA_NO_BASE","False",""
"public.users","INFRAESTRUCTURA_NO_BASE","False",""
